{
    "name": "root",
    "gauges": {
        "SoccerTwos.Policy.Entropy.mean": {
            "value": 2.1444950103759766,
            "min": 2.1444950103759766,
            "max": 3.2957730293273926,
            "count": 500
        },
        "SoccerTwos.Policy.Entropy.sum": {
            "value": 40282.1953125,
            "min": 2941.35205078125,
            "max": 113077.6171875,
            "count": 500
        },
        "SoccerTwos.Profiler.Frametime(ms).mean": {
            "value": 90.49946784973145,
            "min": 50.07729434967041,
            "max": 12241.363711488013,
            "count": 500
        },
        "SoccerTwos.Profiler.Frametime(ms).sum": {
            "value": 723.9957427978516,
            "min": 125.90694427490234,
            "max": 3745857.295715332,
            "count": 500
        },
        "SoccerTwos.Profiler.GCMemory(MB).mean": {
            "value": 747.0,
            "min": 747.0,
            "max": 747.0,
            "count": 500
        },
        "SoccerTwos.Profiler.GCMemory(MB).sum": {
            "value": 5976.0,
            "min": 1494.0,
            "max": 228582.0,
            "count": 500
        },
        "SoccerTwos.Profiler.SystemMemory(MB).mean": {
            "value": 774.0,
            "min": 714.0,
            "max": 1006.0,
            "count": 500
        },
        "SoccerTwos.Profiler.SystemMemory(MB).sum": {
            "value": 6192.0,
            "min": 2006.0,
            "max": 239520.0,
            "count": 500
        },
        "SoccerTwos.Profiler.CPUUsage(%).mean": {
            "value": 13.818359375,
            "min": 9.47265625,
            "max": 38.8671875,
            "count": 500
        },
        "SoccerTwos.Profiler.CPUUsage(%).sum": {
            "value": 110.546875,
            "min": 18.9453125,
            "max": 6216.6015625,
            "count": 500
        },
        "SoccerTwos.Environment.EpisodeLength.mean": {
            "value": 56.7093023255814,
            "min": 38.65079365079365,
            "max": 999.0,
            "count": 500
        },
        "SoccerTwos.Environment.EpisodeLength.sum": {
            "value": 19508.0,
            "min": 3964.0,
            "max": 29828.0,
            "count": 500
        },
        "SoccerTwos.Self-play.ELO.mean": {
            "value": 1520.2400205409945,
            "min": 1200.303045976758,
            "max": 1522.1715459869426,
            "count": 452
        },
        "SoccerTwos.Self-play.ELO.sum": {
            "value": 261481.28353305106,
            "min": 2401.0291872489593,
            "max": 374616.7383892705,
            "count": 452
        },
        "SoccerTwos.Step.mean": {
            "value": 4999970.0,
            "min": 9934.0,
            "max": 4999970.0,
            "count": 500
        },
        "SoccerTwos.Step.sum": {
            "value": 4999970.0,
            "min": 9934.0,
            "max": 4999970.0,
            "count": 500
        },
        "SoccerTwos.Policy.ExtrinsicBaselineEstimate.mean": {
            "value": 0.0075348615646362305,
            "min": -0.09870965033769608,
            "max": 0.20877541601657867,
            "count": 500
        },
        "SoccerTwos.Policy.ExtrinsicBaselineEstimate.sum": {
            "value": 1.2959961891174316,
            "min": -16.063217163085938,
            "max": 30.06725311279297,
            "count": 500
        },
        "SoccerTwos.Policy.ExtrinsicValueEstimate.mean": {
            "value": 0.007192237302660942,
            "min": -0.09868631511926651,
            "max": 0.21000327169895172,
            "count": 500
        },
        "SoccerTwos.Policy.ExtrinsicValueEstimate.sum": {
            "value": 1.2370648384094238,
            "min": -14.850317001342773,
            "max": 29.68914794921875,
            "count": 500
        },
        "SoccerTwos.Environment.CumulativeReward.mean": {
            "value": 0.0,
            "min": 0.0,
            "max": 0.0,
            "count": 500
        },
        "SoccerTwos.Environment.CumulativeReward.sum": {
            "value": 0.0,
            "min": 0.0,
            "max": 0.0,
            "count": 500
        },
        "SoccerTwos.Policy.ExtrinsicReward.mean": {
            "value": -0.014503487320833428,
            "min": -0.5,
            "max": 0.5915395367977231,
            "count": 500
        },
        "SoccerTwos.Policy.ExtrinsicReward.sum": {
            "value": -2.4945998191833496,
            "min": -72.22940015792847,
            "max": 56.88099956512451,
            "count": 500
        },
        "SoccerTwos.Environment.GroupCumulativeReward.mean": {
            "value": -0.014503487320833428,
            "min": -0.5,
            "max": 0.5915395367977231,
            "count": 500
        },
        "SoccerTwos.Environment.GroupCumulativeReward.sum": {
            "value": -2.4945998191833496,
            "min": -72.22940015792847,
            "max": 56.88099956512451,
            "count": 500
        },
        "SoccerTwos.IsTraining.mean": {
            "value": 1.0,
            "min": 1.0,
            "max": 1.0,
            "count": 500
        },
        "SoccerTwos.IsTraining.sum": {
            "value": 1.0,
            "min": 1.0,
            "max": 1.0,
            "count": 500
        },
        "SoccerTwos.Losses.PolicyLoss.mean": {
            "value": 0.01945359558255101,
            "min": 0.010996785599536452,
            "max": 0.022028414625674488,
            "count": 238
        },
        "SoccerTwos.Losses.PolicyLoss.sum": {
            "value": 0.01945359558255101,
            "min": 0.010996785599536452,
            "max": 0.022028414625674488,
            "count": 238
        },
        "SoccerTwos.Losses.ValueLoss.mean": {
            "value": 0.11436749274532,
            "min": 1.0815646381464223e-06,
            "max": 0.1340776190161705,
            "count": 238
        },
        "SoccerTwos.Losses.ValueLoss.sum": {
            "value": 0.11436749274532,
            "min": 1.0815646381464223e-06,
            "max": 0.1340776190161705,
            "count": 238
        },
        "SoccerTwos.Losses.BaselineLoss.mean": {
            "value": 0.1154118945201238,
            "min": 1.169172351940991e-06,
            "max": 0.13603566139936446,
            "count": 238
        },
        "SoccerTwos.Losses.BaselineLoss.sum": {
            "value": 0.1154118945201238,
            "min": 1.169172351940991e-06,
            "max": 0.13603566139936446,
            "count": 238
        },
        "SoccerTwos.Policy.LearningRate.mean": {
            "value": 0.0003,
            "min": 0.0003,
            "max": 0.0003,
            "count": 238
        },
        "SoccerTwos.Policy.LearningRate.sum": {
            "value": 0.0003,
            "min": 0.0003,
            "max": 0.0003,
            "count": 238
        },
        "SoccerTwos.Policy.Epsilon.mean": {
            "value": 0.20000000000000007,
            "min": 0.19999999999999996,
            "max": 0.20000000000000007,
            "count": 238
        },
        "SoccerTwos.Policy.Epsilon.sum": {
            "value": 0.20000000000000007,
            "min": 0.19999999999999996,
            "max": 0.20000000000000007,
            "count": 238
        },
        "SoccerTwos.Policy.Beta.mean": {
            "value": 0.005000000000000001,
            "min": 0.005,
            "max": 0.005000000000000001,
            "count": 238
        },
        "SoccerTwos.Policy.Beta.sum": {
            "value": 0.005000000000000001,
            "min": 0.005,
            "max": 0.005000000000000001,
            "count": 238
        }
    },
    "metadata": {
        "timer_format_version": "0.1.0",
        "start_time_seconds": "1737143301",
        "python_version": "3.10.12 | packaged by Anaconda, Inc. | (main, Jul  5 2023, 19:01:18) [MSC v.1916 64 bit (AMD64)]",