{
    "name": "root",
    "gauges": {
        "SoccerTwos.Policy.Entropy.mean": {
            "value": 1.9230719804763794,
            "min": 1.8945785760879517,
            "max": 3.295724868774414,
            "count": 500
        },
        "SoccerTwos.Policy.Entropy.sum": {
            "value": 37415.2890625,
            "min": 19289.42578125,
            "max": 130810.6015625,
            "count": 500
        },
        "SoccerTwos.Profiler.Frametime(ms).mean": {
            "value": 137.1397491455078,
            "min": 78.63563855489095,
            "max": 217.46298027038574,
            "count": 500
        },
        "SoccerTwos.Profiler.Frametime(ms).sum": {
            "value": 1371.3974914550781,
            "min": 510.7760009765625,
            "max": 3479.407684326172,
            "count": 500
        },
        "SoccerTwos.Profiler.GCMemory(MB).mean": {
            "value": 764.0,
            "min": 764.0,
            "max": 764.0,
            "count": 500
        },
        "SoccerTwos.Profiler.GCMemory(MB).sum": {
            "value": 7640.0,
            "min": 3056.0,
            "max": 15280.0,
            "count": 500
        },
        "SoccerTwos.Profiler.SystemMemory(MB).mean": {
            "value": 740.2,
            "min": 723.6,
            "max": 1077.0,
            "count": 500
        },
        "SoccerTwos.Profiler.SystemMemory(MB).sum": {
            "value": 7402.0,
            "min": 3904.0,
            "max": 16866.0,
            "count": 500
        },
        "SoccerTwos.Profiler.CPUUsage(%).mean": {
            "value": 4.947916698455811,
            "min": 1.605902800957362,
            "max": 19.84375,
            "count": 500
        },
        "SoccerTwos.Profiler.CPUUsage(%).sum": {
            "value": 49.479166984558105,
            "min": 7.8125,
            "max": 263.5416679382324,
            "count": 500
        },
        "SoccerTwos.Environment.EpisodeLength.mean": {
            "value": 53.96666666666667,
            "min": 44.73873873873874,
            "max": 999.0,
            "count": 500
        },
        "SoccerTwos.Environment.EpisodeLength.sum": {
            "value": 19428.0,
            "min": 10732.0,
            "max": 24992.0,
            "count": 500
        },
        "SoccerTwos.Self-play.ELO.mean": {
            "value": 1530.5194566202654,
            "min": 1195.0187734260212,
            "max": 1553.8386826883536,
            "count": 492
        },
        "SoccerTwos.Self-play.ELO.sum": {
            "value": 275493.50219164777,
            "min": 2390.0375468520424,
            "max": 335834.44155740633,
            "count": 492
        },
        "SoccerTwos.Step.mean": {
            "value": 4999918.0,
            "min": 9236.0,
            "max": 4999918.0,
            "count": 500
        },
        "SoccerTwos.Step.sum": {
            "value": 4999918.0,
            "min": 9236.0,
            "max": 4999918.0,
            "count": 500
        },
        "SoccerTwos.Policy.ExtrinsicBaselineEstimate.mean": {
            "value": -0.06668808311223984,
            "min": -0.15730106830596924,
            "max": 0.1446261703968048,
            "count": 500
        },
        "SoccerTwos.Policy.ExtrinsicBaselineEstimate.sum": {
            "value": -12.003854751586914,
            "min": -26.426578521728516,
            "max": 27.478971481323242,
            "count": 500
        },
        "SoccerTwos.Policy.ExtrinsicValueEstimate.mean": {
            "value": -0.07799608260393143,
            "min": -0.1565769463777542,
            "max": 0.14816914498806,
            "count": 500
        },
        "SoccerTwos.Policy.ExtrinsicValueEstimate.sum": {
            "value": -14.039295196533203,
            "min": -26.304927825927734,
            "max": 28.152137756347656,
            "count": 500
        },
        "SoccerTwos.Environment.CumulativeReward.mean": {
            "value": 0.0,
            "min": 0.0,
            "max": 0.0,
            "count": 500
        },
        "SoccerTwos.Environment.CumulativeReward.sum": {
            "value": 0.0,
            "min": 0.0,
            "max": 0.0,
            "count": 500
        },
        "SoccerTwos.Policy.ExtrinsicReward.mean": {
            "value": -0.026288888189527723,
            "min": -0.6029176487423041,
            "max": 0.528259459379557,
            "count": 500
        },
        "SoccerTwos.Policy.ExtrinsicReward.sum": {
            "value": -4.73199987411499,
            "min": -68.54879987239838,
            "max": 51.00340002775192,
            "count": 500
        },
        "SoccerTwos.Environment.GroupCumulativeReward.mean": {
            "value": -0.026288888189527723,
            "min": -0.6029176487423041,
            "max": 0.528259459379557,
            "count": 500
        },
        "SoccerTwos.Environment.GroupCumulativeReward.sum": {
            "value": -4.73199987411499,
            "min": -68.54879987239838,
            "max": 51.00340002775192,
            "count": 500
        },
        "SoccerTwos.IsTraining.mean": {
            "value": 1.0,
            "min": 1.0,
            "max": 1.0,
            "count": 500
        },
        "SoccerTwos.IsTraining.sum": {
            "value": 1.0,
            "min": 1.0,
            "max": 1.0,
            "count": 500
        },
        "SoccerTwos.Losses.PolicyLoss.mean": {
            "value": 0.02125523986275463,
            "min": 0.01090987712571708,
            "max": 0.026320894341915847,
            "count": 240
        },
        "SoccerTwos.Losses.PolicyLoss.sum": {
            "value": 0.02125523986275463,
            "min": 0.01090987712571708,
            "max": 0.026320894341915847,
            "count": 240
        },
        "SoccerTwos.Losses.ValueLoss.mean": {
            "value": 0.095772751669089,
            "min": 2.207797859909988e-06,
            "max": 0.11566718320051829,
            "count": 240
        },
        "SoccerTwos.Losses.ValueLoss.sum": {
            "value": 0.095772751669089,
            "min": 2.207797859909988e-06,
            "max": 0.11566718320051829,
            "count": 240
        },
        "SoccerTwos.Losses.BaselineLoss.mean": {
            "value": 0.09840352907776832,
            "min": 2.224125465014974e-06,
            "max": 0.1186377430955569,
            "count": 240
        },
        "SoccerTwos.Losses.BaselineLoss.sum": {
            "value": 0.09840352907776832,
            "min": 2.224125465014974e-06,
            "max": 0.1186377430955569,
            "count": 240
        },
        "SoccerTwos.Policy.LearningRate.mean": {
            "value": 0.0010000000000000002,
            "min": 0.001,
            "max": 0.0010000000000000002,
            "count": 240
        },
        "SoccerTwos.Policy.LearningRate.sum": {
            "value": 0.0010000000000000002,
            "min": 0.001,
            "max": 0.0010000000000000002,
            "count": 240
        },
        "SoccerTwos.Policy.Epsilon.mean": {
            "value": 0.20000000000000007,
            "min": 0.20000000000000004,
            "max": 0.20000000000000007,
            "count": 240
        },
        "SoccerTwos.Policy.Epsilon.sum": {
            "value": 0.20000000000000007,
            "min": 0.20000000000000004,
            "max": 0.20000000000000007,
            "count": 240
        },
        "SoccerTwos.Policy.Beta.mean": {
            "value": 0.005000000000000001,
            "min": 0.005000000000000001,
            "max": 0.005000000000000001,
            "count": 240
        },
        "SoccerTwos.Policy.Beta.sum": {
            "value": 0.005000000000000001,
            "min": 0.005000000000000001,
            "max": 0.005000000000000001,
            "count": 240
        }
    },
    "metadata": {
        "timer_format_version": "0.1.0",
        "start_time_seconds": "1736603580",
        "python_version": "3.10.12 | packaged by Anaconda, Inc. | (main, Jul  5 2023, 19:01:18) [MSC v.1916 64 bit (AMD64)]",