{
    "name": "root",
    "gauges": {
        "SoccerTwos.Policy.Entropy.mean": {
            "value": 3.204165458679199,
            "min": 3.169795274734497,
            "max": 3.2241287231445312,
            "count": 98
        },
        "SoccerTwos.Policy.Entropy.sum": {
            "value": 58546.51171875,
            "min": 22768.9453125,
            "max": 104248.1875,
            "count": 98
        },
        "SoccerTwos.Environment.EpisodeLength.mean": {
            "value": 797.8333333333334,
            "min": 457.3,
            "max": 999.0,
            "count": 98
        },
        "SoccerTwos.Environment.EpisodeLength.sum": {
            "value": 19148.0,
            "min": 13364.0,
            "max": 28040.0,
            "count": 98
        },
        "SoccerTwos.Self-play.ELO.mean": {
            "value": 1193.0091733914162,
            "min": 1186.491082905088,
            "max": 1194.5836524304389,
            "count": 85
        },
        "SoccerTwos.Self-play.ELO.sum": {
            "value": 4772.036693565665,
            "min": 2374.1298368407597,
            "max": 16639.379865835603,
            "count": 85
        },
        "SoccerTwos.Step.mean": {
            "value": 1999418.0,
            "min": 1029431.0,
            "max": 1999418.0,
            "count": 98
        },
        "SoccerTwos.Step.sum": {
            "value": 1999418.0,
            "min": 1029431.0,
            "max": 1999418.0,
            "count": 98
        },
        "SoccerTwos.Policy.ExtrinsicBaselineEstimate.mean": {
            "value": 0.005156832281500101,
            "min": -0.022779224440455437,
            "max": 0.0054000867530703545,
            "count": 98
        },
        "SoccerTwos.Policy.ExtrinsicBaselineEstimate.sum": {
            "value": 0.061881985515356064,
            "min": -0.32841041684150696,
            "max": 0.06539947539567947,
            "count": 98
        },
        "SoccerTwos.Policy.ExtrinsicValueEstimate.mean": {
            "value": 0.004992587957531214,
            "min": -0.023138612508773804,
            "max": 0.005261541809886694,
            "count": 98
        },
        "SoccerTwos.Policy.ExtrinsicValueEstimate.sum": {
            "value": 0.059911053627729416,
            "min": -0.32575324177742004,
            "max": 0.06976892799139023,
            "count": 98
        },
        "SoccerTwos.Environment.CumulativeReward.mean": {
            "value": 0.0,
            "min": 0.0,
            "max": 0.0,
            "count": 98
        },
        "SoccerTwos.Environment.CumulativeReward.sum": {
            "value": 0.0,
            "min": 0.0,
            "max": 0.0,
            "count": 98
        },
        "SoccerTwos.Policy.ExtrinsicReward.mean": {
            "value": -0.10840000212192535,
            "min": -0.4606666664282481,
            "max": 0.42591110865275067,
            "count": 98
        },
        "SoccerTwos.Policy.ExtrinsicReward.sum": {
            "value": -1.3008000254631042,
            "min": -7.200000017881393,
            "max": 7.666399955749512,
            "count": 98
        },
        "SoccerTwos.Environment.GroupCumulativeReward.mean": {
            "value": -0.10840000212192535,
            "min": -0.4606666664282481,
            "max": 0.42591110865275067,
            "count": 98
        },
        "SoccerTwos.Environment.GroupCumulativeReward.sum": {
            "value": -1.3008000254631042,
            "min": -7.200000017881393,
            "max": 7.666399955749512,
            "count": 98
        },
        "SoccerTwos.IsTraining.mean": {
            "value": 1.0,
            "min": 1.0,
            "max": 1.0,
            "count": 98
        },
        "SoccerTwos.IsTraining.sum": {
            "value": 1.0,
            "min": 1.0,
            "max": 1.0,
            "count": 98
        },
        "SoccerTwos.Losses.PolicyLoss.mean": {
            "value": 0.018144666927400976,
            "min": 0.011419464605569373,
            "max": 0.020742591926439975,
            "count": 45
        },
        "SoccerTwos.Losses.PolicyLoss.sum": {
            "value": 0.018144666927400976,
            "min": 0.011419464605569373,
            "max": 0.020742591926439975,
            "count": 45
        },
        "SoccerTwos.Losses.ValueLoss.mean": {
            "value": 0.0018503893787662187,
            "min": 3.28106733528936e-05,
            "max": 0.005592960390883187,
            "count": 45
        },
        "SoccerTwos.Losses.ValueLoss.sum": {
            "value": 0.0018503893787662187,
            "min": 3.28106733528936e-05,
            "max": 0.005592960390883187,
            "count": 45
        },
        "SoccerTwos.Losses.BaselineLoss.mean": {
            "value": 0.0018477968599957724,
            "min": 3.204172741485915e-05,
            "max": 0.005599712471788128,
            "count": 45
        },
        "SoccerTwos.Losses.BaselineLoss.sum": {
            "value": 0.0018477968599957724,
            "min": 3.204172741485915e-05,
            "max": 0.005599712471788128,
            "count": 45
        },
        "SoccerTwos.Policy.LearningRate.mean": {
            "value": 0.0003,
            "min": 0.0003,
            "max": 0.0003,
            "count": 45
        },
        "SoccerTwos.Policy.LearningRate.sum": {
            "value": 0.0003,
            "min": 0.0003,
            "max": 0.0003,
            "count": 45
        },
        "SoccerTwos.Policy.Epsilon.mean": {
            "value": 0.20000000000000007,
            "min": 0.2,
            "max": 0.20000000000000007,
            "count": 45
        },
        "SoccerTwos.Policy.Epsilon.sum": {
            "value": 0.20000000000000007,
            "min": 0.2,
            "max": 0.20000000000000007,
            "count": 45
        },
        "SoccerTwos.Policy.Beta.mean": {
            "value": 0.005000000000000001,
            "min": 0.005,
            "max": 0.005000000000000001,
            "count": 45
        },
        "SoccerTwos.Policy.Beta.sum": {
            "value": 0.005000000000000001,
            "min": 0.005,
            "max": 0.005000000000000001,
            "count": 45
        }
    },
    "metadata": {
        "timer_format_version": "0.1.0",
        "start_time_seconds": "1731771379",
        "python_version": "3.10.12 | packaged by Anaconda, Inc. | (main, Jul  5 2023, 19:01:18) [MSC v.1916 64 bit (AMD64)]",
        "command_line_arguments": "C:\\Users\\tymek\\miniconda3\\envs\\mlagents\\Scripts\\mlagents-learn --resume config/custom/SoccerTwos.yaml --run-id=ty_training_1",
        "mlagents_version": "1.0.0",
        "mlagents_envs_version": "1.0.0",
        "communication_protocol_version": "1.5.0",
        "pytorch_version": "2.5.1+cpu",
        "numpy_version": "1.23.5",
        "end_time_seconds": "1731776824"
    },
    "total": 5445.102091499999,
    "count": 1,
    "self": 0.011765299998842238,
    "children": {
        "run_training.setup": {
            "total": 0.1314248000007865,
            "count": 1,
            "self": 0.1314248000007865
        },
        "TrainerController.start_learning": {
            "total": 5444.958901399999,
            "count": 1,
            "self": 1.4528822998890973,
            "children": {
                "TrainerController._reset_env": {
                    "total": 11.895282599998609,
                    "count": 6,
                    "self": 11.895282599998609
                },
                "TrainerController.advance": {
                    "total": 5431.324244400112,
                    "count": 63505,
                    "self": 1.5255087001569336,
                    "children": {
                        "env_step": {
                            "total": 3722.5900082001235,
                            "count": 63505,
                            "self": 3347.8937567000285,