{
    "name": "root",
    "gauges": {
        "SoccerTwos.Policy.Entropy.mean": {
            "value": 1.9375221729278564,
            "min": 1.9146593809127808,
            "max": 3.295809268951416,
            "count": 500
        },
        "SoccerTwos.Policy.Entropy.sum": {
            "value": 35774.41015625,
            "min": 13589.5810546875,
            "max": 134333.390625,
            "count": 500
        },
        "SoccerTwos.Profiler.Frametime(ms).mean": {
            "value": 133.86886901855468,
            "min": 87.71974487304688,
            "max": 1271.6117204938616,
            "count": 500
        },
        "SoccerTwos.Profiler.Frametime(ms).sum": {
            "value": 1338.6886901855469,
            "min": 546.8758239746094,
            "max": 17802.564086914062,
            "count": 500
        },
        "SoccerTwos.Profiler.GCMemory(MB).mean": {
            "value": 758.0,
            "min": 758.0,
            "max": 758.0,
            "count": 500
        },
        "SoccerTwos.Profiler.GCMemory(MB).sum": {
            "value": 7580.0,
            "min": 3032.0,
            "max": 12128.0,
            "count": 500
        },
        "SoccerTwos.Profiler.SystemMemory(MB).mean": {
            "value": 814.0,
            "min": 800.0,
            "max": 1420.0,
            "count": 500
        },
        "SoccerTwos.Profiler.SystemMemory(MB).sum": {
            "value": 8140.0,
            "min": 5476.0,
            "max": 21904.0,
            "count": 500
        },
        "SoccerTwos.Profiler.CPUUsage(%).mean": {
            "value": 39.58333282470703,
            "min": 20.22569465637207,
            "max": 73.2886905670166,
            "count": 500
        },
        "SoccerTwos.Profiler.CPUUsage(%).sum": {
            "value": 395.8333282470703,
            "min": 136.45833587646484,
            "max": 1026.0416679382324,
            "count": 500
        },
        "SoccerTwos.Environment.EpisodeLength.mean": {
            "value": 57.811764705882354,
            "min": 37.201550387596896,
            "max": 999.0,
            "count": 500
        },
        "SoccerTwos.Environment.EpisodeLength.sum": {
            "value": 19656.0,
            "min": 12740.0,
            "max": 30052.0,
            "count": 500
        },
        "SoccerTwos.Self-play.ELO.mean": {
            "value": 1439.8596542521204,
            "min": 1172.2158311559313,
            "max": 1481.5871691067052,
            "count": 483
        },
        "SoccerTwos.Self-play.ELO.sum": {
            "value": 244776.1412228605,
            "min": 2344.4316623118625,
            "max": 371482.3943033422,
            "count": 483
        },
        "SoccerTwos.Step.mean": {
            "value": 4999958.0,
            "min": 9042.0,
            "max": 4999958.0,
            "count": 500
        },
        "SoccerTwos.Step.sum": {
            "value": 4999958.0,
            "min": 9042.0,
            "max": 4999958.0,
            "count": 500
        },
        "SoccerTwos.Policy.ExtrinsicBaselineEstimate.mean": {
            "value": -0.08674749732017517,
            "min": -0.12708309292793274,
            "max": 0.2065974324941635,
            "count": 500
        },
        "SoccerTwos.Policy.ExtrinsicBaselineEstimate.sum": {
            "value": -14.833822250366211,
            "min": -21.222877502441406,
            "max": 31.66828155517578,
            "count": 500
        },
        "SoccerTwos.Policy.ExtrinsicValueEstimate.mean": {
            "value": -0.08559783548116684,
            "min": -0.12697064876556396,
            "max": 0.21144644916057587,
            "count": 500
        },
        "SoccerTwos.Policy.ExtrinsicValueEstimate.sum": {
            "value": -14.637229919433594,
            "min": -21.204097747802734,
            "max": 31.350994110107422,
            "count": 500
        },
        "SoccerTwos.Environment.CumulativeReward.mean": {
            "value": 0.0,
            "min": 0.0,
            "max": 0.0,
            "count": 500
        },
        "SoccerTwos.Environment.CumulativeReward.sum": {
            "value": 0.0,
            "min": 0.0,
            "max": 0.0,
            "count": 500
        },
        "SoccerTwos.Policy.ExtrinsicReward.mean": {
            "value": 0.03180467873288874,
            "min": -0.5795578956604004,
            "max": 0.5945152941872092,
            "count": 500
        },
        "SoccerTwos.Policy.ExtrinsicReward.sum": {
            "value": 5.438600063323975,
            "min": -59.12040030956268,
            "max": 63.772800236940384,
            "count": 500
        },
        "SoccerTwos.Environment.GroupCumulativeReward.mean": {
            "value": 0.03180467873288874,
            "min": -0.5795578956604004,
            "max": 0.5945152941872092,
            "count": 500
        },
        "SoccerTwos.Environment.GroupCumulativeReward.sum": {
            "value": 5.438600063323975,
            "min": -59.12040030956268,
            "max": 63.772800236940384,
            "count": 500
        },
        "SoccerTwos.IsTraining.mean": {
            "value": 1.0,
            "min": 1.0,
            "max": 1.0,
            "count": 500
        },
        "SoccerTwos.IsTraining.sum": {
            "value": 1.0,
            "min": 1.0,
            "max": 1.0,
            "count": 500
        },
        "SoccerTwos.Losses.PolicyLoss.mean": {
            "value": 0.015951940819528925,
            "min": 0.010600626222246017,
            "max": 0.02410244632240695,
            "count": 238
        },
        "SoccerTwos.Losses.PolicyLoss.sum": {
            "value": 0.015951940819528925,
            "min": 0.010600626222246017,
            "max": 0.02410244632240695,
            "count": 238
        },
        "SoccerTwos.Losses.ValueLoss.mean": {
            "value": 0.1183425948023796,
            "min": 0.0006875433571015795,
            "max": 0.12924561897913614,
            "count": 238
        },
        "SoccerTwos.Losses.ValueLoss.sum": {
            "value": 0.1183425948023796,
            "min": 0.0006875433571015795,
            "max": 0.12924561897913614,
            "count": 238
        },
        "SoccerTwos.Losses.BaselineLoss.mean": {
            "value": 0.12083913038174311,
            "min": 0.0006982746359426528,
            "max": 0.1347614218791326,
            "count": 238
        },
        "SoccerTwos.Losses.BaselineLoss.sum": {
            "value": 0.12083913038174311,
            "min": 0.0006982746359426528,
            "max": 0.1347614218791326,
            "count": 238
        },
        "SoccerTwos.Policy.LearningRate.mean": {
            "value": 0.0003,
            "min": 0.0003,
            "max": 0.0003,
            "count": 238
        },
        "SoccerTwos.Policy.LearningRate.sum": {
            "value": 0.0003,
            "min": 0.0003,
            "max": 0.0003,
            "count": 238
        },
        "SoccerTwos.Policy.Epsilon.mean": {
            "value": 0.20000000000000007,
            "min": 0.20000000000000007,
            "max": 0.20000000000000007,
            "count": 238
        },
        "SoccerTwos.Policy.Epsilon.sum": {
            "value": 0.20000000000000007,
            "min": 0.20000000000000007,
            "max": 0.20000000000000007,
            "count": 238
        },
        "SoccerTwos.Policy.Beta.mean": {
            "value": 0.005000000000000001,
            "min": 0.005000000000000001,
            "max": 0.005000000000000001,
            "count": 238
        },
        "SoccerTwos.Policy.Beta.sum": {
            "value": 0.005000000000000001,
            "min": 0.005000000000000001,
            "max": 0.005000000000000001,
            "count": 238
        }
    },
    "metadata": {
        "timer_format_version": "0.1.0",
        "start_time_seconds": "1736742231",
        "python_version": "3.10.12 | packaged by Anaconda, Inc. | (main, Jul  5 2023, 19:01:18) [MSC v.1916 64 bit (AMD64)]",