{
    "name": "root",
    "gauges": {
        "SoccerTwos.Policy.Entropy.mean": {
            "value": 3.274077892303467,
            "min": 3.179037094116211,
            "max": 3.2955124378204346,
            "count": 500
        },
        "SoccerTwos.Policy.Entropy.sum": {
            "value": 60452.57421875,
            "min": 15770.2685546875,
            "max": 133854.546875,
            "count": 500
        },
        "SoccerTwos.Profiler.Frametime(ms).mean": {
            "value": 111.83078956604004,
            "min": 74.70278422037761,
            "max": 172.51727294921875,
            "count": 500
        },
        "SoccerTwos.Profiler.Frametime(ms).sum": {
            "value": 894.6463165283203,
            "min": 177.05206298828125,
            "max": 1433.3145599365234,
            "count": 500
        },
        "SoccerTwos.Profiler.GCMemory(MB).mean": {
            "value": 747.0,
            "min": 747.0,
            "max": 747.0,
            "count": 500
        },
        "SoccerTwos.Profiler.GCMemory(MB).sum": {
            "value": 5976.0,
            "min": 1494.0,
            "max": 10458.0,
            "count": 500
        },
        "SoccerTwos.Profiler.SystemMemory(MB).mean": {
            "value": 678.0,
            "min": 673.0,
            "max": 1088.8333333333333,
            "count": 500
        },
        "SoccerTwos.Profiler.SystemMemory(MB).sum": {
            "value": 5424.0,
            "min": 1356.0,
            "max": 13798.0,
            "count": 500
        },
        "SoccerTwos.Profiler.CPUUsage(%).mean": {
            "value": 36.328125,
            "min": 15.364583015441895,
            "max": 73.75000076293945,
            "count": 500
        },
        "SoccerTwos.Profiler.CPUUsage(%).sum": {
            "value": 290.625,
            "min": 50.0,
            "max": 737.5000076293945,
            "count": 500
        },
        "SoccerTwos.Environment.EpisodeLength.mean": {
            "value": 999.0,
            "min": 421.90909090909093,
            "max": 999.0,
            "count": 500
        },
        "SoccerTwos.Environment.EpisodeLength.sum": {
            "value": 19980.0,
            "min": 16284.0,
            "max": 26688.0,
            "count": 500
        },
        "SoccerTwos.Self-play.ELO.mean": {
            "value": 1194.2384357679437,
            "min": 1176.5772943183279,
            "max": 1225.4319676322946,
            "count": 419
        },
        "SoccerTwos.Self-play.ELO.sum": {
            "value": 7165.430614607662,
            "min": 2355.966533681614,
            "max": 16918.75389277629,
            "count": 419
        },
        "SoccerTwos.Step.mean": {
            "value": 4999210.0,
            "min": 9360.0,
            "max": 4999210.0,
            "count": 500
        },
        "SoccerTwos.Step.sum": {
            "value": 4999210.0,
            "min": 9360.0,
            "max": 4999210.0,
            "count": 500
        },
        "SoccerTwos.Policy.ExtrinsicBaselineEstimate.mean": {
            "value": 0.003445532638579607,
            "min": -0.06771865487098694,
            "max": 0.003445532638579607,
            "count": 500
        },
        "SoccerTwos.Policy.ExtrinsicBaselineEstimate.sum": {
            "value": 0.034455325454473495,
            "min": -1.0761417150497437,
            "max": 0.04910742864012718,
            "count": 500
        },
        "SoccerTwos.Policy.ExtrinsicValueEstimate.mean": {
            "value": 0.002921036211773753,
            "min": -0.055818960070610046,
            "max": 0.0032952704932540655,
            "count": 500
        },
        "SoccerTwos.Policy.ExtrinsicValueEstimate.sum": {
            "value": 0.02921036258339882,
            "min": -0.8931033611297607,
            "max": 0.03954324498772621,
            "count": 500
        },
        "SoccerTwos.Environment.CumulativeReward.mean": {
            "value": 0.0,
            "min": 0.0,
            "max": 0.0,
            "count": 500
        },
        "SoccerTwos.Environment.CumulativeReward.sum": {
            "value": 0.0,
            "min": 0.0,
            "max": 0.0,
            "count": 500
        },
        "SoccerTwos.Policy.ExtrinsicReward.mean": {
            "value": 0.0,
            "min": -0.5714285714285714,
            "max": 0.35692499577999115,
            "count": 500
        },
        "SoccerTwos.Policy.ExtrinsicReward.sum": {
            "value": 0.0,
            "min": -8.0,
            "max": 5.710799932479858,
            "count": 500
        },
        "SoccerTwos.Environment.GroupCumulativeReward.mean": {
            "value": 0.0,
            "min": -0.5714285714285714,
            "max": 0.35692499577999115,
            "count": 500
        },
        "SoccerTwos.Environment.GroupCumulativeReward.sum": {
            "value": 0.0,
            "min": -8.0,
            "max": 5.710799932479858,
            "count": 500
        },
        "SoccerTwos.IsTraining.mean": {
            "value": 1.0,
            "min": 1.0,
            "max": 1.0,
            "count": 500
        },
        "SoccerTwos.IsTraining.sum": {
            "value": 1.0,
            "min": 1.0,
            "max": 1.0,
            "count": 500
        },
        "SoccerTwos.Losses.PolicyLoss.mean": {
            "value": 0.01671036194942038,
            "min": 0.010325091637059813,
            "max": 0.023138976054421317,
            "count": 232
        },
        "SoccerTwos.Losses.PolicyLoss.sum": {
            "value": 0.01671036194942038,
            "min": 0.010325091637059813,
            "max": 0.023138976054421317,
            "count": 232
        },
        "SoccerTwos.Losses.ValueLoss.mean": {
            "value": 0.0030428956961259246,
            "min": 4.8410620441548724e-06,
            "max": 0.006386995750168959,
            "count": 232
        },
        "SoccerTwos.Losses.ValueLoss.sum": {
            "value": 0.0030428956961259246,
            "min": 4.8410620441548724e-06,
            "max": 0.006386995750168959,
            "count": 232
        },
        "SoccerTwos.Losses.BaselineLoss.mean": {
            "value": 0.0030545785867919523,
            "min": 5.017608403553216e-06,
            "max": 0.006390155603488286,
            "count": 232
        },
        "SoccerTwos.Losses.BaselineLoss.sum": {
            "value": 0.0030545785867919523,
            "min": 5.017608403553216e-06,
            "max": 0.006390155603488286,
            "count": 232
        },
        "SoccerTwos.Policy.LearningRate.mean": {
            "value": 0.0003,
            "min": 0.0003,
            "max": 0.0003,
            "count": 232
        },
        "SoccerTwos.Policy.LearningRate.sum": {
            "value": 0.0003,
            "min": 0.0003,
            "max": 0.0003,
            "count": 232
        },
        "SoccerTwos.Policy.Epsilon.mean": {
            "value": 0.20000000000000007,
            "min": 0.2,
            "max": 0.20000000000000007,
            "count": 232
        },
        "SoccerTwos.Policy.Epsilon.sum": {
            "value": 0.20000000000000007,
            "min": 0.2,
            "max": 0.20000000000000007,
            "count": 232
        },
        "SoccerTwos.Policy.Beta.mean": {
            "value": 0.005000000000000001,
            "min": 0.005,
            "max": 0.005000000000000001,
            "count": 232
        },
        "SoccerTwos.Policy.Beta.sum": {
            "value": 0.005000000000000001,
            "min": 0.005,
            "max": 0.005000000000000001,
            "count": 232
        }
    },
    "metadata": {
        "timer_format_version": "0.1.0",
        "start_time_seconds": "1736613537",
        "python_version": "3.10.12 | packaged by Anaconda, Inc. | (main, Jul  5 2023, 19:01:18) [MSC v.1916 64 bit (AMD64)]",