{
    "name": "root",
    "metadata": {
        "timer_format_version": "0.1.0",
        "start_time_seconds": "1733167387",
        "python_version": "3.9.20 (main, Oct  3 2024, 07:38:01) [MSC v.1929 64 bit (AMD64)]",
        "command_line_arguments": "C:\\Users\\alexa\\anaconda3\\envs\\mlagents\\Scripts\\mlagents-learn config/custom/SoccerTwos.yaml --run-id=no_sound_back_and_forward_rays_2 --force",
        "mlagents_version": "0.30.0",
        "mlagents_envs_version": "0.30.0",
        "communication_protocol_version": "1.5.0",
        "pytorch_version": "2.5.1",
        "numpy_version": "1.21.2",
        "end_time_seconds": "1733167433"
    },
    "total": 46.175258400000004,
    "count": 1,
    "self": 0.009601500000009366,
    "children": {
        "run_training.setup": {
            "total": 0.09777379999999969,
            "count": 1,
            "self": 0.09777379999999969
        },
        "TrainerController.start_learning": {
            "total": 46.067883099999996,
            "count": 1,
            "self": 0.020381499999963637,
            "children": {
                "TrainerController._reset_env": {
                    "total": 9.8734377,
                    "count": 1,
                    "self": 9.8734377
                },
                "TrainerController.advance": {
                    "total": 35.82683960000004,
                    "count": 885,
                    "self": 0.019514900000174862,
                    "children": {
                        "env_step": {
                            "total": 34.591192499999856,
                            "count": 885,
                            "self": 20.09488759999995,
                            "children": {
                                "SubprocessEnvManager._take_step": {
                                    "total": 14.483948199999956,
                                    "count": 885,
                                    "self": 0.14710069999978792,
                                    "children": {
                                        "TorchPolicy.evaluate": {
                                            "total": 14.336847500000168,
                                            "count": 1766,
                                            "self": 14.336847500000168
                                        }
                                    }
                                },
                                "workers": {
                                    "total": 0.012356699999950038,
                                    "count": 884,
                                    "self": 0.0,
                                    "children": {
                                        "worker_root": {
                                            "total": 37.45006920000004,
                                            "count": 884,
                                            "is_parallel": true,
                                            "self": 20.214551199999804,
                                            "children": {
                                                "steps_from_proto": {
                                                    "total": 0.0024151000000003364,
                                                    "count": 2,
                                                    "is_parallel": true,
                                                    "self": 0.0004653999999995051,
                                                    "children": {
                                                        "_process_rank_one_or_two_observation": {
                                                            "total": 0.0019497000000008313,
                                                            "count": 12,
                                                            "is_parallel": true,
                                                            "self": 0.0019497000000008313
                                                        }
                                                    }
                                                },
                                                "UnityEnvironment.step": {
                                                    "total": 17.233102900000233,
                                                    "count": 884,
                                                    "is_parallel": true,
                                                    "self": 0.78220840000008,
                                                    "children": {
                                                        "UnityEnvironment._generate_step_input": {
                                                            "total": 0.6162203999999374,
                                                            "count": 884,
                                                            "is_parallel": true,
                                                            "self": 0.6162203999999374
                                                        },
                                                        "communicator.exchange": {
                                                            "total": 13.508087700000074,
                                                            "count": 884,
                                                            "is_parallel": true,
                                                            "self": 13.508087700000074
                                                        },
                                                        "steps_from_proto": {
                                                            "total": 2.326586400000142,
                                                            "count": 1768,
                                                            "is_parallel": true,
                                                            "self": 0.4118991999998993,
                                                            "children": {
                                                                "_process_rank_one_or_two_observation": {
                                                                    "total": 1.9146872000002428,
                                                                    "count": 10608,
                                                                    "is_parallel": true,
                                                                    "self": 1.9146872000002428
                                                                }
                                                            }
                                                        }
                                                    }
                                                }
                                            }
                                        }
                                    }
                                }
                            }
                        },
                        "trainer_advance": {
                            "total": 1.2161322000000077,
                            "count": 884,
                            "self": 0.07057350000001072,
                            "children": {
                                "process_trajectory": {
                                    "total": 1.145558699999997,
                                    "count": 884,
                                    "self": 1.145558699999997
                                }
                            }
                        }
                    }
                },
                "trainer_threads": {
                    "total": 8.99999996306633e-07,
                    "count": 1,
                    "self": 8.99999996306633e-07
                },
                "TrainerController._save_models": {
                    "total": 0.3472233999999972,
                    "count": 1,
                    "self": 0.0036978999999988105,