{
    "name": "root",
    "gauges": {
        "SoccerTwos.Policy.Entropy.mean": {
            "value": 2.0312581062316895,
            "min": 2.0076937675476074,
            "max": 3.295754909515381,
            "count": 500
        },
        "SoccerTwos.Policy.Entropy.sum": {
            "value": 40040.16015625,
            "min": 1581.96240234375,
            "max": 136975.75,
            "count": 500
        },
        "SoccerTwos.Profiler.Frametime(ms).mean": {
            "value": 124.8110523223877,
            "min": 70.42052841186523,
            "max": 206.74653116861978,
            "count": 499
        },
        "SoccerTwos.Profiler.Frametime(ms).sum": {
            "value": 998.4884185791016,
            "min": 482.69244384765625,
            "max": 3177.71044921875,
            "count": 499
        },
        "SoccerTwos.Profiler.GCMemory(MB).mean": {
            "value": 731.0,
            "min": 731.0,
            "max": 731.0,
            "count": 499
        },
        "SoccerTwos.Profiler.GCMemory(MB).sum": {
            "value": 5848.0,
            "min": 2924.0,
            "max": 16082.0,
            "count": 499
        },
        "SoccerTwos.Profiler.SystemMemory(MB).mean": {
            "value": 621.5,
            "min": 462.0,
            "max": 1483.0,
            "count": 499
        },
        "SoccerTwos.Profiler.SystemMemory(MB).sum": {
            "value": 4972.0,
            "min": 2924.0,
            "max": 17796.0,
            "count": 499
        },
        "SoccerTwos.Profiler.CPUUsage(%).mean": {
            "value": 63.330078125,
            "min": 50.032552083333336,
            "max": 82.32421875,
            "count": 499
        },
        "SoccerTwos.Profiler.CPUUsage(%).sum": {
            "value": 506.640625,
            "min": 262.890625,
            "max": 1452.34375,
            "count": 499
        },
        "SoccerTwos.Environment.EpisodeLength.mean": {
            "value": 44.55140186915888,
            "min": 37.72093023255814,
            "max": 999.0,
            "count": 500
        },
        "SoccerTwos.Environment.EpisodeLength.sum": {
            "value": 19068.0,
            "min": 12076.0,
            "max": 28460.0,
            "count": 500
        },
        "SoccerTwos.Self-play.ELO.mean": {
            "value": 1533.7699770222366,
            "min": 1190.6431435014406,
            "max": 1538.5669341140645,
            "count": 486
        },
        "SoccerTwos.Self-play.ELO.sum": {
            "value": 328226.7750827586,
            "min": 2382.7921809176564,
            "max": 393057.314838351,
            "count": 486
        },
        "SoccerTwos.Step.mean": {
            "value": 4999952.0,
            "min": 9252.0,
            "max": 4999952.0,
            "count": 500
        },
        "SoccerTwos.Step.sum": {
            "value": 4999952.0,
            "min": 9252.0,
            "max": 4999952.0,
            "count": 500
        },
        "SoccerTwos.Policy.ExtrinsicBaselineEstimate.mean": {
            "value": -0.011856641620397568,
            "min": -0.0743480995297432,
            "max": 0.2101200371980667,
            "count": 500
        },
        "SoccerTwos.Policy.ExtrinsicBaselineEstimate.sum": {
            "value": -2.549177885055542,
            "min": -16.877017974853516,
            "max": 32.418052673339844,
            "count": 500
        },
        "SoccerTwos.Policy.ExtrinsicValueEstimate.mean": {
            "value": -0.012398469261825085,
            "min": -0.0736493319272995,
            "max": 0.21046383678913116,
            "count": 500
        },
        "SoccerTwos.Policy.ExtrinsicValueEstimate.sum": {
            "value": -2.665670871734619,
            "min": -16.718399047851562,
            "max": 31.443510055541992,
            "count": 500
        },
        "SoccerTwos.Environment.CumulativeReward.mean": {
            "value": 0.0,
            "min": 0.0,
            "max": 0.0,
            "count": 500
        },
        "SoccerTwos.Environment.CumulativeReward.sum": {
            "value": 0.0,
            "min": 0.0,
            "max": 0.0,
            "count": 500
        },
        "SoccerTwos.Policy.ExtrinsicReward.mean": {
            "value": -0.10433116208675296,
            "min": -0.6363636363636364,
            "max": 0.6667322041624684,
            "count": 500
        },
        "SoccerTwos.Policy.ExtrinsicReward.sum": {
            "value": -22.431199848651886,
            "min": -60.316800117492676,
            "max": 64.71119982004166,
            "count": 500
        },
        "SoccerTwos.Environment.GroupCumulativeReward.mean": {
            "value": -0.10433116208675296,
            "min": -0.6363636363636364,
            "max": 0.6667322041624684,
            "count": 500
        },
        "SoccerTwos.Environment.GroupCumulativeReward.sum": {
            "value": -22.431199848651886,
            "min": -60.316800117492676,
            "max": 64.71119982004166,
            "count": 500
        },
        "SoccerTwos.IsTraining.mean": {
            "value": 1.0,
            "min": 1.0,
            "max": 1.0,
            "count": 500
        },
        "SoccerTwos.IsTraining.sum": {
            "value": 1.0,
            "min": 1.0,
            "max": 1.0,
            "count": 500
        },
        "SoccerTwos.Losses.PolicyLoss.mean": {
            "value": 0.015301478894737859,
            "min": 0.009850299439858646,
            "max": 0.02352823819965124,
            "count": 238
        },
        "SoccerTwos.Losses.PolicyLoss.sum": {
            "value": 0.015301478894737859,
            "min": 0.009850299439858646,
            "max": 0.02352823819965124,
            "count": 238
        },
        "SoccerTwos.Losses.ValueLoss.mean": {
            "value": 0.12230919872721037,
            "min": 7.069035376237783e-05,
            "max": 0.13816496829191843,
            "count": 238
        },
        "SoccerTwos.Losses.ValueLoss.sum": {
            "value": 0.12230919872721037,
            "min": 7.069035376237783e-05,
            "max": 0.13816496829191843,
            "count": 238
        },
        "SoccerTwos.Losses.BaselineLoss.mean": {
            "value": 0.12308234125375747,
            "min": 7.160265474036957e-05,
            "max": 0.14024919643998146,
            "count": 238
        },
        "SoccerTwos.Losses.BaselineLoss.sum": {
            "value": 0.12308234125375747,
            "min": 7.160265474036957e-05,
            "max": 0.14024919643998146,
            "count": 238
        },
        "SoccerTwos.Policy.LearningRate.mean": {
            "value": 0.0003,
            "min": 0.0003,
            "max": 0.0003,
            "count": 238
        },
        "SoccerTwos.Policy.LearningRate.sum": {
            "value": 0.0003,
            "min": 0.0003,
            "max": 0.0003,
            "count": 238
        },
        "SoccerTwos.Policy.Epsilon.mean": {
            "value": 0.20000000000000007,
            "min": 0.19999999999999996,
            "max": 0.20000000000000007,
            "count": 238
        },
        "SoccerTwos.Policy.Epsilon.sum": {
            "value": 0.20000000000000007,
            "min": 0.19999999999999996,
            "max": 0.20000000000000007,
            "count": 238
        },
        "SoccerTwos.Policy.Beta.mean": {
            "value": 0.005000000000000001,
            "min": 0.005,
            "max": 0.005000000000000001,
            "count": 238
        },
        "SoccerTwos.Policy.Beta.sum": {
            "value": 0.005000000000000001,
            "min": 0.005,
            "max": 0.005000000000000001,
            "count": 238
        }
    },
    "metadata": {
        "timer_format_version": "0.1.0",
        "start_time_seconds": "1737051139",
        "python_version": "3.8.20 (default, Oct  3 2024, 15:19:54) [MSC v.1929 64 bit (AMD64)]",