{
    "name": "root",
    "gauges": {
        "SoccerTwos.Policy.Entropy.mean": {
            "value": 3.139503240585327,
            "min": 3.110947370529175,
            "max": 3.2954399585723877,
            "count": 500
        },
        "SoccerTwos.Policy.Entropy.sum": {
            "value": 67913.734375,
            "min": 6432.64453125,
            "max": 160910.109375,
            "count": 500
        },
        "SoccerTwos.Profiler.Frametime(ms).mean": {
            "value": 79.66088104248047,
            "min": 62.57926025390625,
            "max": 164.2958755493164,
            "count": 499
        },
        "SoccerTwos.Profiler.Frametime(ms).sum": {
            "value": 477.9652862548828,
            "min": 138.78829956054688,
            "max": 1567.8233489990234,
            "count": 499
        },
        "SoccerTwos.Profiler.GCMemory(MB).mean": {
            "value": 755.0,
            "min": 755.0,
            "max": 755.0,
            "count": 499
        },
        "SoccerTwos.Profiler.GCMemory(MB).sum": {
            "value": 4530.0,
            "min": 1510.0,
            "max": 9060.0,
            "count": 499
        },
        "SoccerTwos.Profiler.SystemMemory(MB).mean": {
            "value": 879.0,
            "min": 877.0,
            "max": 1463.0,
            "count": 499
        },
        "SoccerTwos.Profiler.SystemMemory(MB).sum": {
            "value": 5274.0,
            "min": 1884.0,
            "max": 17076.0,
            "count": 499
        },
        "SoccerTwos.Profiler.CPUUsage(%).mean": {
            "value": 29.86111068725586,
            "min": 0.0,
            "max": 80.38194402058919,
            "count": 499
        },
        "SoccerTwos.Profiler.CPUUsage(%).sum": {
            "value": 179.16666412353516,
            "min": 0.0,
            "max": 964.5833282470703,
            "count": 499
        },
        "SoccerTwos.Environment.EpisodeLength.mean": {
            "value": 129.425,
            "min": 85.75,
            "max": 999.0,
            "count": 500
        },
        "SoccerTwos.Environment.EpisodeLength.sum": {
            "value": 20708.0,
            "min": 8532.0,
            "max": 31724.0,
            "count": 500
        },
        "SoccerTwos.Self-play.ELO.mean": {
            "value": 1297.946270866164,
            "min": 1197.4282111136217,
            "max": 1306.3415241346377,
            "count": 488
        },
        "SoccerTwos.Self-play.ELO.sum": {
            "value": 103835.70166929312,
            "min": 2396.067686629345,
            "max": 146310.25070307942,
            "count": 488
        },
        "SoccerTwos.Step.mean": {
            "value": 4999950.0,
            "min": 9878.0,
            "max": 4999950.0,
            "count": 500
        },
        "SoccerTwos.Step.sum": {
            "value": 4999950.0,
            "min": 9878.0,
            "max": 4999950.0,
            "count": 500
        },
        "SoccerTwos.Policy.ExtrinsicBaselineEstimate.mean": {
            "value": 0.05796026065945625,
            "min": -0.07398968189954758,
            "max": 0.1320522129535675,
            "count": 500
        },
        "SoccerTwos.Policy.ExtrinsicBaselineEstimate.sum": {
            "value": 4.6368207931518555,
            "min": -2.958136558532715,
            "max": 12.638029098510742,
            "count": 500
        },
        "SoccerTwos.Policy.ExtrinsicValueEstimate.mean": {
            "value": 0.06061065196990967,
            "min": -0.07467751950025558,
            "max": 0.14714188873767853,
            "count": 500
        },
        "SoccerTwos.Policy.ExtrinsicValueEstimate.sum": {
            "value": 4.848852157592773,
            "min": -3.0935702323913574,
            "max": 12.553473472595215,
            "count": 500
        },
        "SoccerTwos.Environment.CumulativeReward.mean": {
            "value": 0.0,
            "min": 0.0,
            "max": 0.0,
            "count": 500
        },
        "SoccerTwos.Environment.CumulativeReward.sum": {
            "value": 0.0,
            "min": 0.0,
            "max": 0.0,
            "count": 500
        },
        "SoccerTwos.Policy.ExtrinsicReward.mean": {
            "value": 0.30666999891400337,
            "min": -0.6675655163567642,
            "max": 0.40990588244269877,
            "count": 500
        },
        "SoccerTwos.Policy.ExtrinsicReward.sum": {
            "value": 24.53359991312027,
            "min": -22.161599934101105,
            "max": 24.53359991312027,
            "count": 500
        },
        "SoccerTwos.Environment.GroupCumulativeReward.mean": {
            "value": 0.30666999891400337,
            "min": -0.6675655163567642,
            "max": 0.40990588244269877,
            "count": 500
        },
        "SoccerTwos.Environment.GroupCumulativeReward.sum": {
            "value": 24.53359991312027,
            "min": -22.161599934101105,
            "max": 24.53359991312027,
            "count": 500
        },
        "SoccerTwos.IsTraining.mean": {
            "value": 1.0,
            "min": 1.0,
            "max": 1.0,
            "count": 500
        },
        "SoccerTwos.IsTraining.sum": {
            "value": 1.0,
            "min": 1.0,
            "max": 1.0,
            "count": 500
        },
        "SoccerTwos.Losses.PolicyLoss.mean": {
            "value": 0.019907926255837084,
            "min": 0.010194457570711772,
            "max": 0.024288914329372347,
            "count": 234
        },
        "SoccerTwos.Losses.PolicyLoss.sum": {
            "value": 0.019907926255837084,
            "min": 0.010194457570711772,
            "max": 0.024288914329372347,
            "count": 234
        },
        "SoccerTwos.Losses.ValueLoss.mean": {
            "value": 0.03218705064306657,
            "min": 0.0001857233665456685,
            "max": 0.05330908137063185,
            "count": 234
        },
        "SoccerTwos.Losses.ValueLoss.sum": {
            "value": 0.03218705064306657,
            "min": 0.0001857233665456685,
            "max": 0.05330908137063185,
            "count": 234
        },
        "SoccerTwos.Losses.BaselineLoss.mean": {
            "value": 0.03233134790013234,
            "min": 0.00018758940495899878,
            "max": 0.05372252153853575,
            "count": 234
        },
        "SoccerTwos.Losses.BaselineLoss.sum": {
            "value": 0.03233134790013234,
            "min": 0.00018758940495899878,
            "max": 0.05372252153853575,
            "count": 234
        },
        "SoccerTwos.Policy.LearningRate.mean": {
            "value": 0.0003,
            "min": 0.0003,
            "max": 0.0003,
            "count": 234
        },
        "SoccerTwos.Policy.LearningRate.sum": {
            "value": 0.0003,
            "min": 0.0003,
            "max": 0.0003,
            "count": 234
        },
        "SoccerTwos.Policy.Epsilon.mean": {
            "value": 0.20000000000000007,
            "min": 0.19999999999999996,
            "max": 0.20000000000000007,
            "count": 234
        },
        "SoccerTwos.Policy.Epsilon.sum": {
            "value": 0.20000000000000007,
            "min": 0.19999999999999996,
            "max": 0.20000000000000007,
            "count": 234
        },
        "SoccerTwos.Policy.Beta.mean": {
            "value": 0.005000000000000001,
            "min": 0.005,
            "max": 0.005000000000000001,
            "count": 234
        },
        "SoccerTwos.Policy.Beta.sum": {
            "value": 0.005000000000000001,
            "min": 0.005,
            "max": 0.005000000000000001,
            "count": 234
        }
    },
    "metadata": {
        "timer_format_version": "0.1.0",
        "start_time_seconds": "1737025515",
        "python_version": "3.10.12 | packaged by Anaconda, Inc. | (main, Jul  5 2023, 19:01:18) [MSC v.1916 64 bit (AMD64)]",