{
    "name": "root",
    "gauges": {
        "SoccerTwos.Policy.Entropy.mean": {
            "value": 2.4364354610443115,
            "min": 2.4105961322784424,
            "max": 3.2955262660980225,
            "count": 500
        },
        "SoccerTwos.Policy.Entropy.sum": {
            "value": 49040.57421875,
            "min": 20732.2109375,
            "max": 144004.671875,
            "count": 500
        },
        "SoccerTwos.Profiler.Frametime(ms).mean": {
            "value": 137.87916107177733,
            "min": 82.48451341901507,
            "max": 205.03056526184082,
            "count": 500
        },
        "SoccerTwos.Profiler.Frametime(ms).sum": {
            "value": 1378.7916107177734,
            "min": 360.0918273925781,
            "max": 3280.489044189453,
            "count": 500
        },
        "SoccerTwos.Profiler.GCMemory(MB).mean": {
            "value": 723.0,
            "min": 723.0,
            "max": 723.0,
            "count": 500
        },
        "SoccerTwos.Profiler.GCMemory(MB).sum": {
            "value": 7230.0,
            "min": 2892.0,
            "max": 13014.0,
            "count": 500
        },
        "SoccerTwos.Profiler.SystemMemory(MB).mean": {
            "value": 827.6,
            "min": 825.0,
            "max": 1415.0,
            "count": 500
        },
        "SoccerTwos.Profiler.SystemMemory(MB).sum": {
            "value": 8276.0,
            "min": 3316.0,
            "max": 25320.0,
            "count": 500
        },
        "SoccerTwos.Profiler.CPUUsage(%).mean": {
            "value": 34.89583320617676,
            "min": 19.61805534362793,
            "max": 84.375,
            "count": 500
        },
        "SoccerTwos.Profiler.CPUUsage(%).sum": {
            "value": 348.9583320617676,
            "min": 117.70833206176758,
            "max": 646.8750038146973,
            "count": 500
        },
        "SoccerTwos.Environment.EpisodeLength.mean": {
            "value": 41.516949152542374,
            "min": 34.94927536231884,
            "max": 999.0,
            "count": 500
        },
        "SoccerTwos.Environment.EpisodeLength.sum": {
            "value": 19596.0,
            "min": 13288.0,
            "max": 27716.0,
            "count": 500
        },
        "SoccerTwos.Self-play.ELO.mean": {
            "value": 1396.67318134702,
            "min": 1190.5538515461676,
            "max": 1397.3469177307193,
            "count": 448
        },
        "SoccerTwos.Self-play.ELO.sum": {
            "value": 329614.87079789676,
            "min": 2381.107703092335,
            "max": 377290.8856835201,
            "count": 448
        },
        "SoccerTwos.Step.mean": {
            "value": 4999986.0,
            "min": 9492.0,
            "max": 4999986.0,
            "count": 500
        },
        "SoccerTwos.Step.sum": {
            "value": 4999986.0,
            "min": 9492.0,
            "max": 4999986.0,
            "count": 500
        },
        "SoccerTwos.Policy.ExtrinsicBaselineEstimate.mean": {
            "value": -0.03332682326436043,
            "min": -0.1159941777586937,
            "max": 0.16670502722263336,
            "count": 500
        },
        "SoccerTwos.Policy.ExtrinsicBaselineEstimate.sum": {
            "value": -7.831803321838379,
            "min": -20.860815048217773,
            "max": 25.422832489013672,
            "count": 500
        },
        "SoccerTwos.Policy.ExtrinsicValueEstimate.mean": {
            "value": -0.02137209288775921,
            "min": -0.11316703259944916,
            "max": 0.13409128785133362,
            "count": 500
        },
        "SoccerTwos.Policy.ExtrinsicValueEstimate.sum": {
            "value": -5.022441864013672,
            "min": -23.538742065429688,
            "max": 25.71681022644043,
            "count": 500
        },
        "SoccerTwos.Environment.CumulativeReward.mean": {
            "value": 0.0,
            "min": 0.0,
            "max": 0.0,
            "count": 500
        },
        "SoccerTwos.Environment.CumulativeReward.sum": {
            "value": 0.0,
            "min": 0.0,
            "max": 0.0,
            "count": 500
        },
        "SoccerTwos.Policy.ExtrinsicReward.mean": {
            "value": -0.01810382883599464,
            "min": -0.5384615384615384,
            "max": 0.4958370438328496,
            "count": 500
        },
        "SoccerTwos.Policy.ExtrinsicReward.sum": {
            "value": -4.25439977645874,
            "min": -66.8143994808197,
            "max": 49.251999616622925,
            "count": 500
        },
        "SoccerTwos.Environment.GroupCumulativeReward.mean": {
            "value": -0.01810382883599464,
            "min": -0.5384615384615384,
            "max": 0.4958370438328496,
            "count": 500
        },
        "SoccerTwos.Environment.GroupCumulativeReward.sum": {
            "value": -4.25439977645874,
            "min": -66.8143994808197,
            "max": 49.251999616622925,
            "count": 500
        },
        "SoccerTwos.IsTraining.mean": {
            "value": 1.0,
            "min": 1.0,
            "max": 1.0,
            "count": 500
        },
        "SoccerTwos.IsTraining.sum": {
            "value": 1.0,
            "min": 1.0,
            "max": 1.0,
            "count": 500
        },
        "SoccerTwos.Losses.PolicyLoss.mean": {
            "value": 0.017028329199335227,
            "min": 0.007875141129867794,
            "max": 0.024308603644991916,
            "count": 237
        },
        "SoccerTwos.Losses.PolicyLoss.sum": {
            "value": 0.017028329199335227,
            "min": 0.007875141129867794,
            "max": 0.024308603644991916,
            "count": 237
        },
        "SoccerTwos.Losses.ValueLoss.mean": {
            "value": 0.1151559978723526,
            "min": 7.169792191537757e-06,
            "max": 0.23304045984211066,
            "count": 237
        },
        "SoccerTwos.Losses.ValueLoss.sum": {
            "value": 0.1151559978723526,
            "min": 7.169792191537757e-06,
            "max": 0.23304045984211066,
            "count": 237
        },
        "SoccerTwos.Losses.BaselineLoss.mean": {
            "value": 0.12090103700757027,
            "min": 7.0899040717146516e-06,
            "max": 0.1280847152074178,
            "count": 237
        },
        "SoccerTwos.Losses.BaselineLoss.sum": {
            "value": 0.12090103700757027,
            "min": 7.0899040717146516e-06,
            "max": 0.1280847152074178,
            "count": 237
        },
        "SoccerTwos.Policy.LearningRate.mean": {
            "value": 0.0003,
            "min": 0.0003,
            "max": 0.0003,
            "count": 237
        },
        "SoccerTwos.Policy.LearningRate.sum": {
            "value": 0.0003,
            "min": 0.0003,
            "max": 0.0003,
            "count": 237
        },
        "SoccerTwos.Policy.Epsilon.mean": {
            "value": 0.20000000000000007,
            "min": 0.20000000000000007,
            "max": 0.20000000000000007,
            "count": 237
        },
        "SoccerTwos.Policy.Epsilon.sum": {
            "value": 0.20000000000000007,
            "min": 0.20000000000000007,
            "max": 0.20000000000000007,
            "count": 237
        },
        "SoccerTwos.Policy.Beta.mean": {
            "value": 0.005000000000000001,
            "min": 0.005000000000000001,
            "max": 0.005000000000000001,
            "count": 237
        },
        "SoccerTwos.Policy.Beta.sum": {
            "value": 0.005000000000000001,
            "min": 0.005000000000000001,
            "max": 0.005000000000000001,
            "count": 237
        }
    },
    "metadata": {
        "timer_format_version": "0.1.0",
        "start_time_seconds": "1736860121",
        "python_version": "3.10.12 | packaged by Anaconda, Inc. | (main, Jul  5 2023, 19:01:18) [MSC v.1916 64 bit (AMD64)]",