{
    "name": "root",
    "gauges": {
        "SoccerTwos.Policy.Entropy.mean": {
            "value": 3.14853835105896,
            "min": 3.125521183013916,
            "max": 3.2957763671875,
            "count": 201
        },
        "SoccerTwos.Policy.Entropy.sum": {
            "value": 74658.140625,
            "min": 24831.095703125,
            "max": 113938.0234375,
            "count": 201
        },
        "SoccerTwos.Environment.EpisodeLength.mean": {
            "value": 885.6666666666666,
            "min": 391.38461538461536,
            "max": 999.0,
            "count": 201
        },
        "SoccerTwos.Environment.EpisodeLength.sum": {
            "value": 21256.0,
            "min": 8048.0,
            "max": 31968.0,
            "count": 201
        },
        "SoccerTwos.Step.mean": {
            "value": 2009470.0,
            "min": 9000.0,
            "max": 2009470.0,
            "count": 201
        },
        "SoccerTwos.Step.sum": {
            "value": 2009470.0,
            "min": 9000.0,
            "max": 2009470.0,
            "count": 201
        },
        "SoccerTwos.Policy.ExtrinsicBaselineEstimate.mean": {
            "value": 0.00033268218976445496,
            "min": -0.0323929488658905,
            "max": 0.09164951741695404,
            "count": 201
        },
        "SoccerTwos.Policy.ExtrinsicBaselineEstimate.sum": {
            "value": 0.003659504000097513,
            "min": -0.518287181854248,
            "max": 1.4663922786712646,
            "count": 201
        },
        "SoccerTwos.Policy.ExtrinsicValueEstimate.mean": {
            "value": 0.00020689585653599352,
            "min": -0.03234672173857689,
            "max": 0.09159429371356964,
            "count": 201
        },
        "SoccerTwos.Policy.ExtrinsicValueEstimate.sum": {
            "value": 0.0022758543491363525,
            "min": -0.5175475478172302,
            "max": 1.4655086994171143,
            "count": 201
        },
        "SoccerTwos.Environment.CumulativeReward.mean": {
            "value": 0.0,
            "min": 0.0,
            "max": 0.0,
            "count": 201
        },
        "SoccerTwos.Environment.CumulativeReward.sum": {
            "value": 0.0,
            "min": 0.0,
            "max": 0.0,
            "count": 201
        },
        "SoccerTwos.Policy.ExtrinsicReward.mean": {
            "value": 0.12359999526630748,
            "min": -0.5414933323860168,
            "max": 0.3281714235033308,
            "count": 201
        },
        "SoccerTwos.Policy.ExtrinsicReward.sum": {
            "value": 1.3595999479293823,
            "min": -8.122399985790253,
            "max": 6.114799976348877,
            "count": 201
        },
        "SoccerTwos.Environment.GroupCumulativeReward.mean": {
            "value": 0.12359999526630748,
            "min": -0.5414933323860168,
            "max": 0.3281714235033308,
            "count": 201
        },
        "SoccerTwos.Environment.GroupCumulativeReward.sum": {
            "value": 1.3595999479293823,
            "min": -8.122399985790253,
            "max": 6.114799976348877,
            "count": 201
        },
        "SoccerTwos.IsTraining.mean": {
            "value": 1.0,
            "min": 1.0,
            "max": 1.0,
            "count": 201
        },
        "SoccerTwos.IsTraining.sum": {
            "value": 1.0,
            "min": 1.0,
            "max": 1.0,
            "count": 201
        },
        "SoccerTwos.Self-play.ELO.mean": {
            "value": 1203.0483100643537,
            "min": 1191.1487393244195,
            "max": 1210.656705438379,
            "count": 172
        },
        "SoccerTwos.Self-play.ELO.sum": {
            "value": 4812.193240257415,
            "min": 2384.113636571352,
            "max": 16910.49264315715,
            "count": 172
        },
        "SoccerTwos.Losses.PolicyLoss.mean": {
            "value": 0.020553428654481346,
            "min": 0.01232350505379145,
            "max": 0.021334182005375624,
            "count": 93
        },
        "SoccerTwos.Losses.PolicyLoss.sum": {
            "value": 0.020553428654481346,
            "min": 0.01232350505379145,
            "max": 0.021334182005375624,
            "count": 93
        },
        "SoccerTwos.Losses.ValueLoss.mean": {
            "value": 0.004847841096731523,
            "min": 9.412466389827993e-06,
            "max": 0.006530931017672022,
            "count": 93
        },
        "SoccerTwos.Losses.ValueLoss.sum": {
            "value": 0.004847841096731523,
            "min": 9.412466389827993e-06,
            "max": 0.006530931017672022,
            "count": 93
        },
        "SoccerTwos.Losses.BaselineLoss.mean": {
            "value": 0.0048473695758730175,
            "min": 9.018576830991757e-06,
            "max": 0.006637505038330952,
            "count": 93
        },
        "SoccerTwos.Losses.BaselineLoss.sum": {
            "value": 0.0048473695758730175,
            "min": 9.018576830991757e-06,
            "max": 0.006637505038330952,
            "count": 93
        },
        "SoccerTwos.Policy.LearningRate.mean": {
            "value": 0.0003,
            "min": 0.0003,
            "max": 0.0003,
            "count": 93
        },
        "SoccerTwos.Policy.LearningRate.sum": {
            "value": 0.0003,
            "min": 0.0003,
            "max": 0.0003,
            "count": 93
        },
        "SoccerTwos.Policy.Epsilon.mean": {
            "value": 0.20000000000000007,
            "min": 0.19999999999999996,
            "max": 0.20000000000000007,
            "count": 93
        },
        "SoccerTwos.Policy.Epsilon.sum": {
            "value": 0.20000000000000007,
            "min": 0.19999999999999996,
            "max": 0.20000000000000007,
            "count": 93
        },
        "SoccerTwos.Policy.Beta.mean": {
            "value": 0.005000000000000001,
            "min": 0.005,
            "max": 0.005000000000000001,
            "count": 93
        },
        "SoccerTwos.Policy.Beta.sum": {
            "value": 0.005000000000000001,
            "min": 0.005,
            "max": 0.005000000000000001,
            "count": 93
        }
    },
    "metadata": {
        "timer_format_version": "0.1.0",
        "start_time_seconds": "1731764413",
        "python_version": "3.10.12 | packaged by Anaconda, Inc. | (main, Jul  5 2023, 19:01:18) [MSC v.1916 64 bit (AMD64)]",
        "command_line_arguments": "C:\\Users\\tymek\\miniconda3\\envs\\mlagents\\Scripts\\mlagents-learn config/poca/SoccerTwos.yaml --run-id=no_backrays",
        "mlagents_version": "1.0.0",
        "mlagents_envs_version": "1.0.0",
        "communication_protocol_version": "1.5.0",
        "pytorch_version": "2.5.1+cpu",
        "numpy_version": "1.23.5",
        "end_time_seconds": "1731771050"
    },
    "total": 6636.3834155,
    "count": 1,
    "self": 0.00931750000017928,
    "children": {
        "run_training.setup": {
            "total": 0.11444970000002286,
            "count": 1,
            "self": 0.11444970000002286
        },
        "TrainerController.start_learning": {
            "total": 6636.2596483,
            "count": 1,
            "self": 2.988769199941089,
            "children": {
                "TrainerController._reset_env": {
                    "total": 17.455927899999097,
                    "count": 11,
                    "self": 17.455927899999097
                },
                "TrainerController.advance": {
                    "total": 6615.65817020006,
                    "count": 130805,
                    "self": 3.2175539000372737,
                    "children": {
                        "env_step": {
                            "total": 4106.979693300233,
                            "count": 130805,
                            "self": 3613.461997500206,