{
    "name": "root",
    "gauges": {
        "SoccerTwos.Policy.Entropy.mean": {
            "value": 1.4453256130218506,
            "min": 1.2949094772338867,
            "max": 1.698580265045166,
            "count": 2865
        },
        "SoccerTwos.Policy.Entropy.sum": {
            "value": 28999.013671875,
            "min": 11184.2890625,
            "max": 36991.66796875,
            "count": 2865
        },
        "SoccerTwos.Environment.EpisodeLength.mean": {
            "value": 64.11688311688312,
            "min": 33.321917808219176,
            "max": 86.66666666666667,
            "count": 2865
        },
        "SoccerTwos.Environment.EpisodeLength.sum": {
            "value": 19748.0,
            "min": 7476.0,
            "max": 21948.0,
            "count": 2865
        },
        "SoccerTwos.Self-play.ELO.mean": {
            "value": 1494.819951350425,
            "min": 1443.7135691157157,
            "max": 1552.6174813070959,
            "count": 2865
        },
        "SoccerTwos.Self-play.ELO.sum": {
            "value": 230202.27250796545,
            "min": 114600.3057265006,
            "max": 447018.20494523254,
            "count": 2865
        },
        "SoccerTwos.Step.mean": {
            "value": 49999868.0,
            "min": 21359994.0,
            "max": 49999868.0,
            "count": 2865
        },
        "SoccerTwos.Step.sum": {
            "value": 49999868.0,
            "min": 21359994.0,
            "max": 49999868.0,
            "count": 2865
        },
        "SoccerTwos.Policy.ExtrinsicBaselineEstimate.mean": {
            "value": 0.02650192193686962,
            "min": -0.11681687831878662,
            "max": 0.09549114853143692,
            "count": 2865
        },
        "SoccerTwos.Policy.ExtrinsicBaselineEstimate.sum": {
            "value": 4.081295967102051,
            "min": -26.16091537475586,
            "max": 19.28921127319336,
            "count": 2865
        },
        "SoccerTwos.Policy.ExtrinsicValueEstimate.mean": {
            "value": 0.025697996839880943,
            "min": -0.11504527926445007,
            "max": 0.0973154604434967,
            "count": 2865
        },
        "SoccerTwos.Policy.ExtrinsicValueEstimate.sum": {
            "value": 3.957491397857666,
            "min": -26.405113220214844,
            "max": 19.65772247314453,
            "count": 2865
        },
        "SoccerTwos.Environment.CumulativeReward.mean": {
            "value": 0.0,
            "min": 0.0,
            "max": 0.0,
            "count": 2865
        },
        "SoccerTwos.Environment.CumulativeReward.sum": {
            "value": 0.0,
            "min": 0.0,
            "max": 0.0,
            "count": 2865
        },
        "SoccerTwos.Policy.ExtrinsicReward.mean": {
            "value": 0.05516623676597298,
            "min": -0.3397738113999367,
            "max": 0.3454427169364633,
            "count": 2865
        },
        "SoccerTwos.Policy.ExtrinsicReward.sum": {
            "value": 8.495600461959839,
            "min": -68.98480010032654,
            "max": 71.16119968891144,
            "count": 2865
        },
        "SoccerTwos.Environment.GroupCumulativeReward.mean": {
            "value": 0.05516623676597298,
            "min": -0.3397738113999367,
            "max": 0.3454427169364633,
            "count": 2865
        },
        "SoccerTwos.Environment.GroupCumulativeReward.sum": {
            "value": 8.495600461959839,
            "min": -68.98480010032654,
            "max": 71.16119968891144,
            "count": 2865
        },
        "SoccerTwos.IsTraining.mean": {
            "value": 1.0,
            "min": 1.0,
            "max": 1.0,
            "count": 2865
        },
        "SoccerTwos.IsTraining.sum": {
            "value": 1.0,
            "min": 1.0,
            "max": 1.0,
            "count": 2865
        },
        "SoccerTwos.Losses.PolicyLoss.mean": {
            "value": 0.013513135603473832,
            "min": 0.011229668743665874,
            "max": 0.026107150867270928,
            "count": 1392
        },
        "SoccerTwos.Losses.PolicyLoss.sum": {
            "value": 0.013513135603473832,
            "min": 0.011229668743665874,
            "max": 0.026107150867270928,
            "count": 1392
        },
        "SoccerTwos.Losses.ValueLoss.mean": {
            "value": 0.11099523430069287,
            "min": 0.09020494669675827,
            "max": 0.14687503278255462,
            "count": 1392
        },
        "SoccerTwos.Losses.ValueLoss.sum": {
            "value": 0.11099523430069287,
            "min": 0.09020494669675827,
            "max": 0.14687503278255462,
            "count": 1392
        },
        "SoccerTwos.Losses.BaselineLoss.mean": {
            "value": 0.11244385515650114,
            "min": 0.09096342672904333,
            "max": 0.1504350870847702,
            "count": 1392
        },
        "SoccerTwos.Losses.BaselineLoss.sum": {
            "value": 0.11244385515650114,
            "min": 0.09096342672904333,
            "max": 0.1504350870847702,
            "count": 1392
        },
        "SoccerTwos.Policy.LearningRate.mean": {
            "value": 0.0003,
            "min": 0.0003,
            "max": 0.0003,
            "count": 1392
        },
        "SoccerTwos.Policy.LearningRate.sum": {
            "value": 0.0003,
            "min": 0.0003,
            "max": 0.0003,
            "count": 1392
        },
        "SoccerTwos.Policy.Epsilon.mean": {
            "value": 0.20000000000000007,
            "min": 0.20000000000000007,
            "max": 0.20000000000000007,
            "count": 1392
        },
        "SoccerTwos.Policy.Epsilon.sum": {
            "value": 0.20000000000000007,
            "min": 0.20000000000000007,
            "max": 0.20000000000000007,
            "count": 1392
        },
        "SoccerTwos.Policy.Beta.mean": {
            "value": 0.005000000000000001,
            "min": 0.005000000000000001,
            "max": 0.005000000000000001,
            "count": 1392
        },
        "SoccerTwos.Policy.Beta.sum": {
            "value": 0.005000000000000001,
            "min": 0.005000000000000001,
            "max": 0.005000000000000001,
            "count": 1392
        }
    },
    "metadata": {
        "timer_format_version": "0.1.0",
        "start_time_seconds": "1733062378",
        "python_version": "3.9.20 (main, Oct  3 2024, 07:38:01) [MSC v.1929 64 bit (AMD64)]",
        "command_line_arguments": "C:\\Users\\alexa\\anaconda3\\envs\\mlagents\\Scripts\\mlagents-learn config/custom/SoccerTwos.yaml --run-id=sound_no_back_rays_2 --resume",
        "mlagents_version": "0.30.0",
        "mlagents_envs_version": "0.30.0",
        "communication_protocol_version": "1.5.0",
        "pytorch_version": "2.5.1",
        "numpy_version": "1.21.2",
        "end_time_seconds": "1733161657"
    },
    "total": 99279.9012064,
    "count": 1,
    "self": 0.02364470000611618,
    "children": {
        "run_training.setup": {
            "total": 0.10752620000000013,
            "count": 1,
            "self": 0.10752620000000013
        },
        "TrainerController.start_learning": {
            "total": 99279.7700355,
            "count": 1,
            "self": 46.450608098341036,
            "children": {
                "TrainerController._reset_env": {
                    "total": 16.002521499964978,
                    "count": 145,
                    "self": 16.002521499964978
                },
                "TrainerController.advance": {
                    "total": 99216.95307510169,
                    "count": 2020385,
                    "self": 43.10162930036313,
                    "children": {
                        "env_step": {
                            "total": 66655.44936310397,
                            "count": 2020385,
                            "self": 37899.46013940606,