{
    "name": "root",
    "gauges": {
        "SoccerTwos.Policy.Entropy.mean": {
            "value": 3.222353219985962,
            "min": 3.1982126235961914,
            "max": 3.2957658767700195,
            "count": 102
        },
        "SoccerTwos.Policy.Entropy.sum": {
            "value": 34646.7421875,
            "min": 20149.00390625,
            "max": 116989.2421875,
            "count": 102
        },
        "SoccerTwos.Environment.EpisodeLength.mean": {
            "value": 999.0,
            "min": 443.72727272727275,
            "max": 999.0,
            "count": 102
        },
        "SoccerTwos.Environment.EpisodeLength.sum": {
            "value": 19980.0,
            "min": 9060.0,
            "max": 26696.0,
            "count": 102
        },
        "SoccerTwos.Self-play.ELO.mean": {
            "value": 1190.6695164062808,
            "min": 1187.6571668256115,
            "max": 1204.8382837053198,
            "count": 90
        },
        "SoccerTwos.Self-play.ELO.sum": {
            "value": 4762.678065625123,
            "min": 2379.1837614148926,
            "max": 14438.403411376326,
            "count": 90
        },
        "SoccerTwos.Step.mean": {
            "value": 1019388.0,
            "min": 9364.0,
            "max": 1019388.0,
            "count": 102
        },
        "SoccerTwos.Step.sum": {
            "value": 1019388.0,
            "min": 9364.0,
            "max": 1019388.0,
            "count": 102
        },
        "SoccerTwos.Policy.ExtrinsicBaselineEstimate.mean": {
            "value": -0.010744934901595116,
            "min": -0.025380253791809082,
            "max": 0.05227356776595116,
            "count": 102
        },
        "SoccerTwos.Policy.ExtrinsicBaselineEstimate.sum": {
            "value": -0.10744934529066086,
            "min": -0.38370707631111145,
            "max": 0.8363315463066101,
            "count": 102
        },
        "SoccerTwos.Policy.ExtrinsicValueEstimate.mean": {
            "value": -0.010958069004118443,
            "min": -0.02425585873425007,
            "max": 0.05227145180106163,
            "count": 102
        },
        "SoccerTwos.Policy.ExtrinsicValueEstimate.sum": {
            "value": -0.10958068817853928,
            "min": -0.34518617391586304,
            "max": 0.8361330628395081,
            "count": 102
        },
        "SoccerTwos.Environment.CumulativeReward.mean": {
            "value": 0.0,
            "min": 0.0,
            "max": 0.0,
            "count": 102
        },
        "SoccerTwos.Environment.CumulativeReward.sum": {
            "value": 0.0,
            "min": 0.0,
            "max": 0.0,
            "count": 102
        },
        "SoccerTwos.Policy.ExtrinsicReward.mean": {
            "value": 0.0,
            "min": -0.4823555548985799,
            "max": 0.3453750032931566,
            "count": 102
        },
        "SoccerTwos.Policy.ExtrinsicReward.sum": {
            "value": 0.0,
            "min": -8.682399988174438,
            "max": 5.526000052690506,
            "count": 102
        },
        "SoccerTwos.Environment.GroupCumulativeReward.mean": {
            "value": 0.0,
            "min": -0.4823555548985799,
            "max": 0.3453750032931566,
            "count": 102
        },
        "SoccerTwos.Environment.GroupCumulativeReward.sum": {
            "value": 0.0,
            "min": -8.682399988174438,
            "max": 5.526000052690506,
            "count": 102
        },
        "SoccerTwos.IsTraining.mean": {
            "value": 1.0,
            "min": 1.0,
            "max": 1.0,
            "count": 102
        },
        "SoccerTwos.IsTraining.sum": {
            "value": 1.0,
            "min": 1.0,
            "max": 1.0,
            "count": 102
        },
        "SoccerTwos.Losses.PolicyLoss.mean": {
            "value": 0.015260108870764573,
            "min": 0.014348204263175528,
            "max": 0.02012462615578746,
            "count": 47
        },
        "SoccerTwos.Losses.PolicyLoss.sum": {
            "value": 0.015260108870764573,
            "min": 0.014348204263175528,
            "max": 0.02012462615578746,
            "count": 47
        },
        "SoccerTwos.Losses.ValueLoss.mean": {
            "value": 0.0023274385409119227,
            "min": 0.00020582475881383288,
            "max": 0.008430000472192964,
            "count": 47
        },
        "SoccerTwos.Losses.ValueLoss.sum": {
            "value": 0.0023274385409119227,
            "min": 0.00020582475881383288,
            "max": 0.008430000472192964,
            "count": 47
        },
        "SoccerTwos.Losses.BaselineLoss.mean": {
            "value": 0.0023390831154150265,
            "min": 0.00020552847260357036,
            "max": 0.008124366713066896,
            "count": 47
        },
        "SoccerTwos.Losses.BaselineLoss.sum": {
            "value": 0.0023390831154150265,
            "min": 0.00020552847260357036,
            "max": 0.008124366713066896,
            "count": 47
        },
        "SoccerTwos.Policy.LearningRate.mean": {
            "value": 0.0003,
            "min": 0.0003,
            "max": 0.0003,
            "count": 47
        },
        "SoccerTwos.Policy.LearningRate.sum": {
            "value": 0.0003,
            "min": 0.0003,
            "max": 0.0003,
            "count": 47
        },
        "SoccerTwos.Policy.Epsilon.mean": {
            "value": 0.20000000000000007,
            "min": 0.20000000000000004,
            "max": 0.20000000000000007,
            "count": 47
        },
        "SoccerTwos.Policy.Epsilon.sum": {
            "value": 0.20000000000000007,
            "min": 0.20000000000000004,
            "max": 0.20000000000000007,
            "count": 47
        },
        "SoccerTwos.Policy.Beta.mean": {
            "value": 0.005000000000000001,
            "min": 0.005000000000000001,
            "max": 0.005000000000000001,
            "count": 47
        },
        "SoccerTwos.Policy.Beta.sum": {
            "value": 0.005000000000000001,
            "min": 0.005000000000000001,
            "max": 0.005000000000000001,
            "count": 47
        }
    },
    "metadata": {
        "timer_format_version": "0.1.0",
        "start_time_seconds": "1731674469",
        "python_version": "3.10.12 | packaged by Anaconda, Inc. | (main, Jul  5 2023, 19:01:18) [MSC v.1916 64 bit (AMD64)]",
        "command_line_arguments": "C:\\Users\\tymek\\miniconda3\\envs\\mlagents\\Scripts\\mlagents-learn --force config/custom/SoccerTwos.yaml --run-id=ty_training_1",
        "mlagents_version": "1.0.0",
        "mlagents_envs_version": "1.0.0",
        "communication_protocol_version": "1.5.0",
        "pytorch_version": "2.5.1+cpu",
        "numpy_version": "1.23.5",
        "end_time_seconds": "1731680344"
    },
    "total": 5875.5471629,
    "count": 1,
    "self": 0.009559000000990636,
    "children": {
        "run_training.setup": {
            "total": 0.1195741999999882,
            "count": 1,
            "self": 0.1195741999999882
        },
        "TrainerController.start_learning": {
            "total": 5875.418029699999,
            "count": 1,
            "self": 1.5911072998196687,
            "children": {
                "TrainerController._reset_env": {
                    "total": 13.452999499999805,
                    "count": 6,
                    "self": 13.452999499999805
                },
                "TrainerController.advance": {
                    "total": 5860.08717600018,
                    "count": 66931,
                    "self": 1.7040164000127334,
                    "children": {
                        "env_step": {
                            "total": 4009.3788068001427,
                            "count": 66931,
                            "self": 3592.912964700182,