{
    "name": "root",
    "gauges": {
        "SoccerTwos.Policy.Entropy.mean": {
            "value": 1.7185860872268677,
            "min": 1.5808022022247314,
            "max": 1.7733203172683716,
            "count": 340
        },
        "SoccerTwos.Policy.Entropy.sum": {
            "value": 33381.81640625,
            "min": 4856.10302734375,
            "max": 42956.49609375,
            "count": 340
        },
        "SoccerTwos.Environment.EpisodeLength.mean": {
            "value": 55.05434782608695,
            "min": 32.111111111111114,
            "max": 75.4090909090909,
            "count": 340
        },
        "SoccerTwos.Environment.EpisodeLength.sum": {
            "value": 20260.0,
            "min": 1156.0,
            "max": 21056.0,
            "count": 340
        },
        "SoccerTwos.Self-play.ELO.mean": {
            "value": 1577.7033746018271,
            "min": 1518.094959497782,
            "max": 1592.6210204524432,
            "count": 340
        },
        "SoccerTwos.Self-play.ELO.sum": {
            "value": 290297.4209267362,
            "min": 27664.328945280802,
            "max": 346134.39267730457,
            "count": 340
        },
        "SoccerTwos.Step.mean": {
            "value": 31599988.0,
            "min": 28209986.0,
            "max": 31599988.0,
            "count": 340
        },
        "SoccerTwos.Step.sum": {
            "value": 31599988.0,
            "min": 28209986.0,
            "max": 31599988.0,
            "count": 340
        },
        "SoccerTwos.Policy.ExtrinsicBaselineEstimate.mean": {
            "value": -0.01319587230682373,
            "min": -0.09542258828878403,
            "max": 0.08233637362718582,
            "count": 340
        },
        "SoccerTwos.Policy.ExtrinsicBaselineEstimate.sum": {
            "value": -2.4280405044555664,
            "min": -18.98909568786621,
            "max": 15.232229232788086,
            "count": 340
        },
        "SoccerTwos.Policy.ExtrinsicValueEstimate.mean": {
            "value": -0.011984980665147305,
            "min": -0.09874525666236877,
            "max": 0.0843026414513588,
            "count": 340
        },
        "SoccerTwos.Policy.ExtrinsicValueEstimate.sum": {
            "value": -2.2052364349365234,
            "min": -19.650306701660156,
            "max": 15.595989227294922,
            "count": 340
        },
        "SoccerTwos.Environment.CumulativeReward.mean": {
            "value": 0.0,
            "min": 0.0,
            "max": 0.0,
            "count": 340
        },
        "SoccerTwos.Environment.CumulativeReward.sum": {
            "value": 0.0,
            "min": 0.0,
            "max": 0.0,
            "count": 340
        },
        "SoccerTwos.Policy.ExtrinsicReward.mean": {
            "value": -0.15269999853942706,
            "min": -0.3059923565311796,
            "max": 0.2913318914336127,
            "count": 340
        },
        "SoccerTwos.Policy.ExtrinsicReward.sum": {
            "value": -28.096799731254578,
            "min": -48.64120006561279,
            "max": 53.89639991521835,
            "count": 340
        },
        "SoccerTwos.Environment.GroupCumulativeReward.mean": {
            "value": -0.15269999853942706,
            "min": -0.3059923565311796,
            "max": 0.2913318914336127,
            "count": 340
        },
        "SoccerTwos.Environment.GroupCumulativeReward.sum": {
            "value": -28.096799731254578,
            "min": -48.64120006561279,
            "max": 53.89639991521835,
            "count": 340
        },
        "SoccerTwos.IsTraining.mean": {
            "value": 1.0,
            "min": 1.0,
            "max": 1.0,
            "count": 340
        },
        "SoccerTwos.IsTraining.sum": {
            "value": 1.0,
            "min": 1.0,
            "max": 1.0,
            "count": 340
        },
        "SoccerTwos.Losses.PolicyLoss.mean": {
            "value": 0.018539184362938006,
            "min": 0.011994594915692384,
            "max": 0.025758672668598593,
            "count": 164
        },
        "SoccerTwos.Losses.PolicyLoss.sum": {
            "value": 0.018539184362938006,
            "min": 0.011994594915692384,
            "max": 0.025758672668598593,
            "count": 164
        },
        "SoccerTwos.Losses.ValueLoss.mean": {
            "value": 0.1020553432404995,
            "min": 0.08782589361071587,
            "max": 0.12258189593752225,
            "count": 164
        },
        "SoccerTwos.Losses.ValueLoss.sum": {
            "value": 0.1020553432404995,
            "min": 0.08782589361071587,
            "max": 0.12258189593752225,
            "count": 164
        },
        "SoccerTwos.Losses.BaselineLoss.mean": {
            "value": 0.10313809663057327,
            "min": 0.09004980648557345,
            "max": 0.12449599479635556,
            "count": 164
        },
        "SoccerTwos.Losses.BaselineLoss.sum": {
            "value": 0.10313809663057327,
            "min": 0.09004980648557345,
            "max": 0.12449599479635556,
            "count": 164
        },
        "SoccerTwos.Policy.LearningRate.mean": {
            "value": 0.0003,
            "min": 0.0003,
            "max": 0.0003,
            "count": 164
        },
        "SoccerTwos.Policy.LearningRate.sum": {
            "value": 0.0003,
            "min": 0.0003,
            "max": 0.0003,
            "count": 164
        },
        "SoccerTwos.Policy.Epsilon.mean": {
            "value": 0.20000000000000007,
            "min": 0.20000000000000007,
            "max": 0.20000000000000007,
            "count": 164
        },
        "SoccerTwos.Policy.Epsilon.sum": {
            "value": 0.20000000000000007,
            "min": 0.20000000000000007,
            "max": 0.20000000000000007,
            "count": 164
        },
        "SoccerTwos.Policy.Beta.mean": {
            "value": 0.005000000000000001,
            "min": 0.005000000000000001,
            "max": 0.005000000000000001,
            "count": 164
        },
        "SoccerTwos.Policy.Beta.sum": {
            "value": 0.005000000000000001,
            "min": 0.005000000000000001,
            "max": 0.005000000000000001,
            "count": 164
        }
    },
    "metadata": {
        "timer_format_version": "0.1.0",
        "start_time_seconds": "1733235249",
        "python_version": "3.10.12 | packaged by Anaconda, Inc. | (main, Jul  5 2023, 19:01:18) [MSC v.1916 64 bit (AMD64)]",
        "command_line_arguments": "C:\\Users\\User\\anaconda3\\envs\\mlagents\\Scripts\\mlagents-learn config\\poca\\SoccerTwos.yaml --run-id=train_memorySound --resume",
        "mlagents_version": "1.0.0",
        "mlagents_envs_version": "1.0.0",
        "communication_protocol_version": "1.5.0",
        "pytorch_version": "2.5.1+cpu",
        "numpy_version": "1.23.5",
        "end_time_seconds": "1733249989"
    },
    "total": 14737.912734000012,
    "count": 1,
    "self": 0.015677299990784377,
    "children": {
        "run_training.setup": {
            "total": 0.11900820001028478,
            "count": 1,
            "self": 0.11900820001028478
        },
        "TrainerController.start_learning": {
            "total": 14737.778048500011,
            "count": 1,
            "self": 5.975464309361996,
            "children": {
                "TrainerController._reset_env": {
                    "total": 24.388696299982257,
                    "count": 18,
                    "self": 24.388696299982257
                },
                "TrainerController.advance": {
                    "total": 14706.896704190673,
                    "count": 236564,
                    "self": 5.571743182110367,
                    "children": {
                        "env_step": {
                            "total": 5814.380772606732,
                            "count": 236564,
                            "self": 4374.420177104184,