{
    "name": "root",
    "gauges": {
        "SoccerTwos.Policy.Entropy.mean": {
            "value": 1.7791414260864258,
            "min": 1.750399112701416,
            "max": 3.295741319656372,
            "count": 500
        },
        "SoccerTwos.Policy.Entropy.sum": {
            "value": 35241.234375,
            "min": 22408.1484375,
            "max": 105463.71875,
            "count": 500
        },
        "SoccerTwos.Environment.EpisodeLength.mean": {
            "value": 38.75806451612903,
            "min": 35.58156028368794,
            "max": 999.0,
            "count": 500
        },
        "SoccerTwos.Environment.EpisodeLength.sum": {
            "value": 19224.0,
            "min": 11980.0,
            "max": 27084.0,
            "count": 500
        },
        "SoccerTwos.Self-play.ELO.mean": {
            "value": 1507.6730770413185,
            "min": 1198.4773343621732,
            "max": 1514.2892732509783,
            "count": 478
        },
        "SoccerTwos.Self-play.ELO.sum": {
            "value": 373902.923106247,
            "min": 2397.5583596943047,
            "max": 416764.5671274084,
            "count": 478
        },
        "SoccerTwos.Step.mean": {
            "value": 4999986.0,
            "min": 9382.0,
            "max": 4999986.0,
            "count": 500
        },
        "SoccerTwos.Step.sum": {
            "value": 4999986.0,
            "min": 9382.0,
            "max": 4999986.0,
            "count": 500
        },
        "SoccerTwos.Policy.ExtrinsicBaselineEstimate.mean": {
            "value": 0.06621723622083664,
            "min": -0.09363087266683578,
            "max": 0.1709560751914978,
            "count": 500
        },
        "SoccerTwos.Policy.ExtrinsicBaselineEstimate.sum": {
            "value": 16.421875,
            "min": -21.605369567871094,
            "max": 25.596073150634766,
            "count": 500
        },
        "SoccerTwos.Policy.ExtrinsicValueEstimate.mean": {
            "value": 0.060204897075891495,
            "min": -0.08729472011327744,
            "max": 0.16730034351348877,
            "count": 500
        },
        "SoccerTwos.Policy.ExtrinsicValueEstimate.sum": {
            "value": 14.930814743041992,
            "min": -21.196874618530273,
            "max": 26.901134490966797,
            "count": 500
        },
        "SoccerTwos.Environment.CumulativeReward.mean": {
            "value": 0.0,
            "min": 0.0,
            "max": 0.0,
            "count": 500
        },
        "SoccerTwos.Environment.CumulativeReward.sum": {
            "value": 0.0,
            "min": 0.0,
            "max": 0.0,
            "count": 500
        },
        "SoccerTwos.Policy.ExtrinsicReward.mean": {
            "value": 0.04373225858134608,
            "min": -0.6666666666666666,
            "max": 0.388993751257658,
            "count": 500
        },
        "SoccerTwos.Policy.ExtrinsicReward.sum": {
            "value": 10.845600128173828,
            "min": -58.60200011730194,
            "max": 48.57279968261719,
            "count": 500
        },
        "SoccerTwos.Environment.GroupCumulativeReward.mean": {
            "value": 0.04373225858134608,
            "min": -0.6666666666666666,
            "max": 0.388993751257658,
            "count": 500
        },
        "SoccerTwos.Environment.GroupCumulativeReward.sum": {
            "value": 10.845600128173828,
            "min": -58.60200011730194,
            "max": 48.57279968261719,
            "count": 500
        },
        "SoccerTwos.IsTraining.mean": {
            "value": 1.0,
            "min": 1.0,
            "max": 1.0,
            "count": 500
        },
        "SoccerTwos.IsTraining.sum": {
            "value": 1.0,
            "min": 1.0,
            "max": 1.0,
            "count": 500
        },
        "SoccerTwos.Losses.PolicyLoss.mean": {
            "value": 0.01615738969630911,
            "min": 0.012900882240501232,
            "max": 0.021702173889692252,
            "count": 239
        },
        "SoccerTwos.Losses.PolicyLoss.sum": {
            "value": 0.01615738969630911,
            "min": 0.012900882240501232,
            "max": 0.021702173889692252,
            "count": 239
        },
        "SoccerTwos.Losses.ValueLoss.mean": {
            "value": 0.09016428881635269,
            "min": 7.361572905513943e-06,
            "max": 0.09904134087264538,
            "count": 239
        },
        "SoccerTwos.Losses.ValueLoss.sum": {
            "value": 0.09016428881635269,
            "min": 7.361572905513943e-06,
            "max": 0.09904134087264538,
            "count": 239
        },
        "SoccerTwos.Losses.BaselineLoss.mean": {
            "value": 0.1091345534970363,
            "min": 6.9809810383958394e-06,
            "max": 0.11598054654896259,
            "count": 239
        },
        "SoccerTwos.Losses.BaselineLoss.sum": {
            "value": 0.1091345534970363,
            "min": 6.9809810383958394e-06,
            "max": 0.11598054654896259,
            "count": 239
        },
        "SoccerTwos.Policy.LearningRate.mean": {
            "value": 0.0003000000000000001,
            "min": 0.0003,
            "max": 0.0003000000000000001,
            "count": 239
        },
        "SoccerTwos.Policy.LearningRate.sum": {
            "value": 0.0003000000000000001,
            "min": 0.0003,
            "max": 0.0003000000000000001,
            "count": 239
        },
        "SoccerTwos.Policy.Epsilon.mean": {
            "value": 0.19999999999999993,
            "min": 0.19999999999999993,
            "max": 0.19999999999999998,
            "count": 239
        },
        "SoccerTwos.Policy.Epsilon.sum": {
            "value": 0.19999999999999993,
            "min": 0.19999999999999993,
            "max": 0.19999999999999998,
            "count": 239
        },
        "SoccerTwos.Policy.Beta.mean": {
            "value": 0.005000000000000001,
            "min": 0.005,
            "max": 0.005000000000000001,
            "count": 239
        },
        "SoccerTwos.Policy.Beta.sum": {
            "value": 0.005000000000000001,
            "min": 0.005,
            "max": 0.005000000000000001,
            "count": 239
        }
    },
    "metadata": {
        "timer_format_version": "0.1.0",
        "start_time_seconds": "1736820016",
        "python_version": "3.10.12 | packaged by Anaconda, Inc. | (main, Jul  5 2023, 19:01:18) [MSC v.1916 64 bit (AMD64)]",
        "command_line_arguments": "C:\\Users\\Tomasz\\miniconda3\\envs\\mlagents\\Scripts\\mlagents-learn config/custom/epoch6.yaml --run-id=basic_sound_epoch6",
        "mlagents_version": "1.1.0",
        "mlagents_envs_version": "1.1.0",
        "communication_protocol_version": "1.5.0",
        "pytorch_version": "2.2.2+cu121",
        "numpy_version": "1.23.5",
        "end_time_seconds": "1736829879"
    },
    "total": 9862.6939327,
    "count": 1,
    "self": 0.005196799989789724,
    "children": {
        "run_training.setup": {
            "total": 0.08977680001407862,
            "count": 1,
            "self": 0.08977680001407862
        },
        "TrainerController.start_learning": {
            "total": 9862.598959099996,
            "count": 1,
            "self": 3.084857303154422,
            "children": {
                "TrainerController._reset_env": {
                    "total": 58.364698799996404,
                    "count": 25,
                    "self": 58.364698799996404
                },
                "TrainerController.advance": {
                    "total": 9800.965081996837,
                    "count": 341189,
                    "self": 3.3157650845241733,
                    "children": {
                        "env_step": {
                            "total": 5673.701308812888,
                            "count": 341189,
                            "self": 2989.504480704112,