{
    "name": "root",
    "gauges": {
        "SoccerTwos.Policy.Entropy.mean": {
            "value": 1.8960248231887817,
            "min": 1.8631048202514648,
            "max": 2.374484062194824,
            "count": 251
        },
        "SoccerTwos.Policy.Entropy.sum": {
            "value": 38223.859375,
            "min": 964.4011840820312,
            "max": 50327.65234375,
            "count": 251
        },
        "SoccerTwos.Environment.EpisodeLength.mean": {
            "value": 39.950819672131146,
            "min": 11.0,
            "max": 53.09375,
            "count": 251
        },
        "SoccerTwos.Environment.EpisodeLength.sum": {
            "value": 19496.0,
            "min": 132.0,
            "max": 20456.0,
            "count": 251
        },
        "SoccerTwos.Self-play.ELO.mean": {
            "value": 1385.2684287900881,
            "min": 1325.3563222141725,
            "max": 1415.4174287345982,
            "count": 251
        },
        "SoccerTwos.Self-play.ELO.sum": {
            "value": 338005.4966247815,
            "min": 8134.122355908416,
            "max": 412798.15754521935,
            "count": 251
        },
        "SoccerTwos.Step.mean": {
            "value": 5999989.0,
            "min": 3499993.0,
            "max": 5999989.0,
            "count": 251
        },
        "SoccerTwos.Step.sum": {
            "value": 5999989.0,
            "min": 3499993.0,
            "max": 5999989.0,
            "count": 251
        },
        "SoccerTwos.Policy.ExtrinsicBaselineEstimate.mean": {
            "value": 0.03150477260351181,
            "min": -0.11178658157587051,
            "max": 0.15829677879810333,
            "count": 251
        },
        "SoccerTwos.Policy.ExtrinsicBaselineEstimate.sum": {
            "value": 7.687164306640625,
            "min": -29.243711471557617,
            "max": 27.160858154296875,
            "count": 251
        },
        "SoccerTwos.Policy.ExtrinsicValueEstimate.mean": {
            "value": 0.03103579953312874,
            "min": -0.11535944789648056,
            "max": 0.15062874555587769,
            "count": 251
        },
        "SoccerTwos.Policy.ExtrinsicValueEstimate.sum": {
            "value": 7.57273530960083,
            "min": -30.387971878051758,
            "max": 27.948638916015625,
            "count": 251
        },
        "SoccerTwos.Environment.CumulativeReward.mean": {
            "value": 0.0,
            "min": 0.0,
            "max": 0.0,
            "count": 251
        },
        "SoccerTwos.Environment.CumulativeReward.sum": {
            "value": 0.0,
            "min": 0.0,
            "max": 0.0,
            "count": 251
        },
        "SoccerTwos.Policy.ExtrinsicReward.mean": {
            "value": -0.03705081881069746,
            "min": -0.23688732346458613,
            "max": 0.9882000088691711,
            "count": 251
        },
        "SoccerTwos.Policy.ExtrinsicReward.sum": {
            "value": -9.04039978981018,
            "min": -55.858399987220764,
            "max": 51.53000032901764,
            "count": 251
        },
        "SoccerTwos.Environment.GroupCumulativeReward.mean": {
            "value": -0.03705081881069746,
            "min": -0.23688732346458613,
            "max": 0.9882000088691711,
            "count": 251
        },
        "SoccerTwos.Environment.GroupCumulativeReward.sum": {
            "value": -9.04039978981018,
            "min": -55.858399987220764,
            "max": 51.53000032901764,
            "count": 251
        },
        "SoccerTwos.IsTraining.mean": {
            "value": 1.0,
            "min": 1.0,
            "max": 1.0,
            "count": 251
        },
        "SoccerTwos.IsTraining.sum": {
            "value": 1.0,
            "min": 1.0,
            "max": 1.0,
            "count": 251
        },
        "SoccerTwos.Losses.PolicyLoss.mean": {
            "value": 0.01252421322084653,
            "min": 0.011706545457430668,
            "max": 0.02157209618987205,
            "count": 121
        },
        "SoccerTwos.Losses.PolicyLoss.sum": {
            "value": 0.01252421322084653,
            "min": 0.011706545457430668,
            "max": 0.02157209618987205,
            "count": 121
        },
        "SoccerTwos.Losses.ValueLoss.mean": {
            "value": 0.12783277730147044,
            "min": 0.10721084376176199,
            "max": 0.1451356997092565,
            "count": 121
        },
        "SoccerTwos.Losses.ValueLoss.sum": {
            "value": 0.12783277730147044,
            "min": 0.10721084376176199,
            "max": 0.1451356997092565,
            "count": 121
        },
        "SoccerTwos.Losses.BaselineLoss.mean": {
            "value": 0.13009758566816648,
            "min": 0.10926778788367907,
            "max": 0.14794086962938308,
            "count": 121
        },
        "SoccerTwos.Losses.BaselineLoss.sum": {
            "value": 0.13009758566816648,
            "min": 0.10926778788367907,
            "max": 0.14794086962938308,
            "count": 121
        },
        "SoccerTwos.Policy.LearningRate.mean": {
            "value": 0.0003,
            "min": 0.0003,
            "max": 0.0003,
            "count": 121
        },
        "SoccerTwos.Policy.LearningRate.sum": {
            "value": 0.0003,
            "min": 0.0003,
            "max": 0.0003,
            "count": 121
        },
        "SoccerTwos.Policy.Epsilon.mean": {
            "value": 0.20000000000000007,
            "min": 0.20000000000000007,
            "max": 0.20000000000000007,
            "count": 121
        },
        "SoccerTwos.Policy.Epsilon.sum": {
            "value": 0.20000000000000007,
            "min": 0.20000000000000007,
            "max": 0.20000000000000007,
            "count": 121
        },
        "SoccerTwos.Policy.Beta.mean": {
            "value": 0.005000000000000001,
            "min": 0.005000000000000001,
            "max": 0.005000000000000001,
            "count": 121
        },
        "SoccerTwos.Policy.Beta.sum": {
            "value": 0.005000000000000001,
            "min": 0.005000000000000001,
            "max": 0.005000000000000001,
            "count": 121
        }
    },
    "metadata": {
        "timer_format_version": "0.1.0",
        "start_time_seconds": "1733241463",
        "python_version": "3.10.12 | packaged by Anaconda, Inc. | (main, Jul  5 2023, 19:01:18) [MSC v.1916 64 bit (AMD64)]",
        "command_line_arguments": "C:\\Users\\arezi\\MiniConda3\\envs\\mlagents\\Scripts\\mlagents-learn config\\poca\\SoccerTwos.yaml --run-id=TomaszForwardRays --resume",
        "mlagents_version": "1.0.0",
        "mlagents_envs_version": "1.0.0",
        "communication_protocol_version": "1.5.0",
        "pytorch_version": "1.13.1+cu117",
        "numpy_version": "1.23.5",
        "end_time_seconds": "1733250599"
    },
    "total": 9136.061965900008,
    "count": 1,
    "self": 0.007601100005558692,
    "children": {
        "run_training.setup": {
            "total": 0.16001849999884143,
            "count": 1,
            "self": 0.16001849999884143
        },
        "TrainerController.start_learning": {
            "total": 9135.894346300003,
            "count": 1,
            "self": 5.419713400580804,
            "children": {
                "TrainerController._reset_env": {
                    "total": 41.801616599972476,
                    "count": 14,
                    "self": 41.801616599972476
                },
                "TrainerController.advance": {
                    "total": 9088.446199699465,
                    "count": 180805,
                    "self": 5.358046299414127,
                    "children": {
                        "env_step": {
                            "total": 6410.408834500733,
                            "count": 180805,
                            "self": 4247.62569540157,