{
    "name": "root",
    "gauges": {
        "SoccerTwos.Policy.Entropy.mean": {
            "value": 1.9660160541534424,
            "min": 1.9047478437423706,
            "max": 3.2958130836486816,
            "count": 500
        },
        "SoccerTwos.Policy.Entropy.sum": {
            "value": 38124.984375,
            "min": 14090.009765625,
            "max": 114648.609375,
            "count": 500
        },
        "SoccerTwos.Profiler.Frametime(ms).mean": {
            "value": 107.1383544921875,
            "min": 61.503013610839844,
            "max": 270.9916934967041,
            "count": 500
        },
        "SoccerTwos.Profiler.Frametime(ms).sum": {
            "value": 1071.383544921875,
            "min": 156.52455139160156,
            "max": 4335.867095947266,
            "count": 500
        },
        "SoccerTwos.Profiler.GCMemory(MB).mean": {
            "value": 752.0,
            "min": 752.0,
            "max": 752.0,
            "count": 500
        },
        "SoccerTwos.Profiler.GCMemory(MB).sum": {
            "value": 7520.0,
            "min": 1504.0,
            "max": 12032.0,
            "count": 500
        },
        "SoccerTwos.Profiler.SystemMemory(MB).mean": {
            "value": 830.0,
            "min": 823.6,
            "max": 1436.8,
            "count": 500
        },
        "SoccerTwos.Profiler.SystemMemory(MB).sum": {
            "value": 8300.0,
            "min": 2872.0,
            "max": 19852.0,
            "count": 500
        },
        "SoccerTwos.Profiler.CPUUsage(%).mean": {
            "value": 37.083333587646486,
            "min": 19.895833206176757,
            "max": 76.86011995588031,
            "count": 500
        },
        "SoccerTwos.Profiler.CPUUsage(%).sum": {
            "value": 370.83333587646484,
            "min": 104.16666412353516,
            "max": 1217.7083358764648,
            "count": 500
        },
        "SoccerTwos.Environment.EpisodeLength.mean": {
            "value": 51.27368421052632,
            "min": 37.11450381679389,
            "max": 999.0,
            "count": 500
        },
        "SoccerTwos.Environment.EpisodeLength.sum": {
            "value": 19484.0,
            "min": 4080.0,
            "max": 31968.0,
            "count": 500
        },
        "SoccerTwos.Step.mean": {
            "value": 4999988.0,
            "min": 9000.0,
            "max": 4999988.0,
            "count": 500
        },
        "SoccerTwos.Step.sum": {
            "value": 4999988.0,
            "min": 9000.0,
            "max": 4999988.0,
            "count": 500
        },
        "SoccerTwos.Policy.ExtrinsicBaselineEstimate.mean": {
            "value": -0.020592210814356804,
            "min": -0.11564482003450394,
            "max": 0.11433384567499161,
            "count": 500
        },
        "SoccerTwos.Policy.ExtrinsicBaselineEstimate.sum": {
            "value": -3.912519931793213,
            "min": -25.947513580322266,
            "max": 26.639785766601562,
            "count": 500
        },
        "SoccerTwos.Policy.ExtrinsicValueEstimate.mean": {
            "value": -0.02802092581987381,
            "min": -0.11796446144580841,
            "max": 0.12254177033901215,
            "count": 500
        },
        "SoccerTwos.Policy.ExtrinsicValueEstimate.sum": {
            "value": -5.323976039886475,
            "min": -26.447175979614258,
            "max": 28.55223274230957,
            "count": 500
        },
        "SoccerTwos.Environment.CumulativeReward.mean": {
            "value": 0.0,
            "min": 0.0,
            "max": 0.0,
            "count": 500
        },
        "SoccerTwos.Environment.CumulativeReward.sum": {
            "value": 0.0,
            "min": 0.0,
            "max": 0.0,
            "count": 500
        },
        "SoccerTwos.Policy.ExtrinsicReward.mean": {
            "value": -0.09658315683666029,
            "min": -0.8235294117647058,
            "max": 0.5494230747796022,
            "count": 500
        },
        "SoccerTwos.Policy.ExtrinsicReward.sum": {
            "value": -18.350799798965454,
            "min": -62.60879981517792,
            "max": 51.029200077056885,
            "count": 500
        },
        "SoccerTwos.Environment.GroupCumulativeReward.mean": {
            "value": -0.09658315683666029,
            "min": -0.8235294117647058,
            "max": 0.5494230747796022,
            "count": 500
        },
        "SoccerTwos.Environment.GroupCumulativeReward.sum": {
            "value": -18.350799798965454,
            "min": -62.60879981517792,
            "max": 51.029200077056885,
            "count": 500
        },
        "SoccerTwos.IsTraining.mean": {
            "value": 1.0,
            "min": 1.0,
            "max": 1.0,
            "count": 500
        },
        "SoccerTwos.IsTraining.sum": {
            "value": 1.0,
            "min": 1.0,
            "max": 1.0,
            "count": 500
        },
        "SoccerTwos.Self-play.ELO.mean": {
            "value": 1455.5979998698672,
            "min": 1187.7289655062,
            "max": 1480.0381615032222,
            "count": 481
        },
        "SoccerTwos.Self-play.ELO.sum": {
            "value": 276563.6199752748,
            "min": 2381.085945299882,
            "max": 374847.46016624605,
            "count": 481
        },
        "SoccerTwos.Losses.PolicyLoss.mean": {
            "value": 0.01611737525090575,
            "min": 0.01128243738542854,
            "max": 0.023514435184188186,
            "count": 239
        },
        "SoccerTwos.Losses.PolicyLoss.sum": {
            "value": 0.01611737525090575,
            "min": 0.01128243738542854,
            "max": 0.023514435184188186,
            "count": 239
        },
        "SoccerTwos.Losses.ValueLoss.mean": {
            "value": 0.12977924719452857,
            "min": 2.386069392438609e-06,
            "max": 0.1352331722776095,
            "count": 239
        },
        "SoccerTwos.Losses.ValueLoss.sum": {
            "value": 0.12977924719452857,
            "min": 2.386069392438609e-06,
            "max": 0.1352331722776095,
            "count": 239
        },
        "SoccerTwos.Losses.BaselineLoss.mean": {
            "value": 0.13273072217901546,
            "min": 2.394135705685585e-06,
            "max": 0.1375471683839957,
            "count": 239
        },
        "SoccerTwos.Losses.BaselineLoss.sum": {
            "value": 0.13273072217901546,
            "min": 2.394135705685585e-06,
            "max": 0.1375471683839957,
            "count": 239
        },
        "SoccerTwos.Policy.LearningRate.mean": {
            "value": 0.0003,
            "min": 0.0003,
            "max": 0.0003,
            "count": 239
        },
        "SoccerTwos.Policy.LearningRate.sum": {
            "value": 0.0003,
            "min": 0.0003,
            "max": 0.0003,
            "count": 239
        },
        "SoccerTwos.Policy.Epsilon.mean": {
            "value": 0.20000000000000007,
            "min": 0.19999999999999996,
            "max": 0.20000000000000007,
            "count": 239
        },
        "SoccerTwos.Policy.Epsilon.sum": {
            "value": 0.20000000000000007,
            "min": 0.19999999999999996,
            "max": 0.20000000000000007,
            "count": 239
        },
        "SoccerTwos.Policy.Beta.mean": {
            "value": 0.005000000000000001,
            "min": 0.005,
            "max": 0.005000000000000001,
            "count": 239
        },
        "SoccerTwos.Policy.Beta.sum": {
            "value": 0.005000000000000001,
            "min": 0.005,
            "max": 0.005000000000000001,
            "count": 239
        }
    },
    "metadata": {
        "timer_format_version": "0.1.0",
        "start_time_seconds": "1737190290",
        "python_version": "3.10.12 | packaged by Anaconda, Inc. | (main, Jul  5 2023, 19:01:18) [MSC v.1916 64 bit (AMD64)]",