{
    "name": "root",
    "gauges": {
        "SoccerTwos.Policy.Entropy.mean": {
            "value": 2.968742847442627,
            "min": 2.968742847442627,
            "max": 3.2957324981689453,
            "count": 500
        },
        "SoccerTwos.Policy.Entropy.sum": {
            "value": 57664.86328125,
            "min": 15135.1201171875,
            "max": 143625.25,
            "count": 500
        },
        "SoccerTwos.Profiler.Frametime(ms).mean": {
            "value": 116.3876838684082,
            "min": 91.53714942932129,
            "max": 423.7140548706055,
            "count": 500
        },
        "SoccerTwos.Profiler.Frametime(ms).sum": {
            "value": 931.1014709472656,
            "min": 189.95883178710938,
            "max": 8474.28109741211,
            "count": 500
        },
        "SoccerTwos.Profiler.GCMemory(MB).mean": {
            "value": 720.0,
            "min": 720.0,
            "max": 720.0,
            "count": 500
        },
        "SoccerTwos.Profiler.GCMemory(MB).sum": {
            "value": 5760.0,
            "min": 1440.0,
            "max": 17280.0,
            "count": 500
        },
        "SoccerTwos.Profiler.SystemMemory(MB).mean": {
            "value": 850.0,
            "min": 820.3333333333334,
            "max": 1501.0,
            "count": 500
        },
        "SoccerTwos.Profiler.SystemMemory(MB).sum": {
            "value": 6800.0,
            "min": 2854.0,
            "max": 22832.0,
            "count": 500
        },
        "SoccerTwos.Profiler.CPUUsage(%).mean": {
            "value": 8.854166507720947,
            "min": 6.2065971692403155,
            "max": 17.27430550257365,
            "count": 500
        },
        "SoccerTwos.Profiler.CPUUsage(%).sum": {
            "value": 70.83333206176758,
            "min": 13.020833015441895,
            "max": 207.2916660308838,
            "count": 500
        },
        "SoccerTwos.Environment.EpisodeLength.mean": {
            "value": 64.88888888888889,
            "min": 59.42857142857143,
            "max": 999.0,
            "count": 500
        },
        "SoccerTwos.Environment.EpisodeLength.sum": {
            "value": 18688.0,
            "min": 15756.0,
            "max": 23652.0,
            "count": 500
        },
        "SoccerTwos.Self-play.ELO.mean": {
            "value": 1350.1990149624753,
            "min": 1191.4901167954943,
            "max": 1350.3396141589312,
            "count": 478
        },
        "SoccerTwos.Self-play.ELO.sum": {
            "value": 194428.65815459646,
            "min": 2383.6897501455815,
            "max": 221300.66118038364,
            "count": 478
        },
        "SoccerTwos.Step.mean": {
            "value": 4999990.0,
            "min": 9022.0,
            "max": 4999990.0,
            "count": 500
        },
        "SoccerTwos.Step.sum": {
            "value": 4999990.0,
            "min": 9022.0,
            "max": 4999990.0,
            "count": 500
        },
        "SoccerTwos.Policy.ExtrinsicBaselineEstimate.mean": {
            "value": 0.03069283254444599,
            "min": -0.0426175482571125,
            "max": 0.13530093431472778,
            "count": 500
        },
        "SoccerTwos.Policy.ExtrinsicBaselineEstimate.sum": {
            "value": 4.4197678565979,
            "min": -5.2419586181640625,
            "max": 19.07743263244629,
            "count": 500
        },
        "SoccerTwos.Policy.ExtrinsicValueEstimate.mean": {
            "value": 0.03103160485625267,
            "min": -0.0430312380194664,
            "max": 0.14020246267318726,
            "count": 500
        },
        "SoccerTwos.Policy.ExtrinsicValueEstimate.sum": {
            "value": 4.468551158905029,
            "min": -5.292842388153076,
            "max": 19.76854705810547,
            "count": 500
        },
        "SoccerTwos.Environment.CumulativeReward.mean": {
            "value": 0.0,
            "min": 0.0,
            "max": 0.0,
            "count": 500
        },
        "SoccerTwos.Environment.CumulativeReward.sum": {
            "value": 0.0,
            "min": 0.0,
            "max": 0.0,
            "count": 500
        },
        "SoccerTwos.Policy.ExtrinsicReward.mean": {
            "value": 0.04605555534362793,
            "min": -0.6233052634879163,
            "max": 0.4269400045275688,
            "count": 500
        },
        "SoccerTwos.Policy.ExtrinsicReward.sum": {
            "value": 6.631999969482422,
            "min": -38.17919981479645,
            "max": 35.68619990348816,
            "count": 500
        },
        "SoccerTwos.Environment.GroupCumulativeReward.mean": {
            "value": 0.04605555534362793,
            "min": -0.6233052634879163,
            "max": 0.4269400045275688,
            "count": 500
        },
        "SoccerTwos.Environment.GroupCumulativeReward.sum": {
            "value": 6.631999969482422,
            "min": -38.17919981479645,
            "max": 35.68619990348816,
            "count": 500
        },
        "SoccerTwos.IsTraining.mean": {
            "value": 1.0,
            "min": 1.0,
            "max": 1.0,
            "count": 500
        },
        "SoccerTwos.IsTraining.sum": {
            "value": 1.0,
            "min": 1.0,
            "max": 1.0,
            "count": 500
        },
        "SoccerTwos.Losses.PolicyLoss.mean": {
            "value": 0.011739392940459463,
            "min": 0.01082107274919205,
            "max": 0.013935220592102268,
            "count": 24
        },
        "SoccerTwos.Losses.PolicyLoss.sum": {
            "value": 0.011739392940459463,
            "min": 0.01082107274919205,
            "max": 0.013935220592102268,
            "count": 24
        },
        "SoccerTwos.Losses.ValueLoss.mean": {
            "value": 0.06386518535514672,
            "min": 0.001436596343992278,
            "max": 0.06386518535514672,
            "count": 24
        },
        "SoccerTwos.Losses.ValueLoss.sum": {
            "value": 0.06386518535514672,
            "min": 0.001436596343992278,
            "max": 0.06386518535514672,
            "count": 24
        },
        "SoccerTwos.Losses.BaselineLoss.mean": {
            "value": 0.06546330764889717,
            "min": 0.0015297808571873854,
            "max": 0.06546330764889717,
            "count": 24
        },
        "SoccerTwos.Losses.BaselineLoss.sum": {
            "value": 0.06546330764889717,
            "min": 0.0015297808571873854,
            "max": 0.06546330764889717,
            "count": 24
        },
        "SoccerTwos.Policy.LearningRate.mean": {
            "value": 0.00030000000000000003,
            "min": 0.00030000000000000003,
            "max": 0.00030000000000000003,
            "count": 24
        },
        "SoccerTwos.Policy.LearningRate.sum": {
            "value": 0.00030000000000000003,
            "min": 0.00030000000000000003,
            "max": 0.00030000000000000003,
            "count": 24
        },
        "SoccerTwos.Policy.Epsilon.mean": {
            "value": 0.19999999999999996,
            "min": 0.19999999999999996,
            "max": 0.19999999999999996,
            "count": 24
        },
        "SoccerTwos.Policy.Epsilon.sum": {
            "value": 0.19999999999999996,
            "min": 0.19999999999999996,
            "max": 0.19999999999999996,
            "count": 24
        },
        "SoccerTwos.Policy.Beta.mean": {
            "value": 0.005,
            "min": 0.005,
            "max": 0.005,
            "count": 24
        },
        "SoccerTwos.Policy.Beta.sum": {
            "value": 0.005,
            "min": 0.005,
            "max": 0.005,
            "count": 24
        }
    },
    "metadata": {
        "timer_format_version": "0.1.0",
        "start_time_seconds": "1736601877",
        "python_version": "3.9.20 (main, Oct  3 2024, 07:38:01) [MSC v.1929 64 bit (AMD64)]",