{
    "name": "root",
    "gauges": {
        "SoccerTwos.Policy.Entropy.mean": {
            "value": 1.9043807983398438,
            "min": 1.8589856624603271,
            "max": 3.295694589614868,
            "count": 500
        },
        "SoccerTwos.Policy.Entropy.sum": {
            "value": 38209.49609375,
            "min": 17021.48828125,
            "max": 106365.3828125,
            "count": 500
        },
        "SoccerTwos.Environment.EpisodeLength.mean": {
            "value": 46.35849056603774,
            "min": 37.7421875,
            "max": 999.0,
            "count": 500
        },
        "SoccerTwos.Environment.EpisodeLength.sum": {
            "value": 19656.0,
            "min": 14112.0,
            "max": 26404.0,
            "count": 500
        },
        "SoccerTwos.Self-play.ELO.mean": {
            "value": 1436.3073857261586,
            "min": 1194.9806633865726,
            "max": 1449.3852156158239,
            "count": 481
        },
        "SoccerTwos.Self-play.ELO.sum": {
            "value": 304497.1657739456,
            "min": 2389.961326773145,
            "max": 367631.21558932425,
            "count": 481
        },
        "SoccerTwos.Step.mean": {
            "value": 4999960.0,
            "min": 9540.0,
            "max": 4999960.0,
            "count": 500
        },
        "SoccerTwos.Step.sum": {
            "value": 4999960.0,
            "min": 9540.0,
            "max": 4999960.0,
            "count": 500
        },
        "SoccerTwos.Policy.ExtrinsicBaselineEstimate.mean": {
            "value": -0.02554044872522354,
            "min": -0.05695115402340889,
            "max": 0.16327598690986633,
            "count": 500
        },
        "SoccerTwos.Policy.ExtrinsicBaselineEstimate.sum": {
            "value": -5.389034748077393,
            "min": -11.731937408447266,
            "max": 30.58568000793457,
            "count": 500
        },
        "SoccerTwos.Policy.ExtrinsicValueEstimate.mean": {
            "value": -0.01597238890826702,
            "min": -0.05562540516257286,
            "max": 0.17313255369663239,
            "count": 500
        },
        "SoccerTwos.Policy.ExtrinsicValueEstimate.sum": {
            "value": -3.370173931121826,
            "min": -11.331976890563965,
            "max": 31.244857788085938,
            "count": 500
        },
        "SoccerTwos.Environment.CumulativeReward.mean": {
            "value": 0.0,
            "min": 0.0,
            "max": 0.0,
            "count": 500
        },
        "SoccerTwos.Environment.CumulativeReward.sum": {
            "value": 0.0,
            "min": 0.0,
            "max": 0.0,
            "count": 500
        },
        "SoccerTwos.Policy.ExtrinsicReward.mean": {
            "value": -0.06744455217750152,
            "min": -0.6666666666666666,
            "max": 0.5110285707882473,
            "count": 500
        },
        "SoccerTwos.Policy.ExtrinsicReward.sum": {
            "value": -14.23080050945282,
            "min": -50.93519985675812,
            "max": 55.601200222969055,
            "count": 500
        },
        "SoccerTwos.Environment.GroupCumulativeReward.mean": {
            "value": -0.06744455217750152,
            "min": -0.6666666666666666,
            "max": 0.5110285707882473,
            "count": 500
        },
        "SoccerTwos.Environment.GroupCumulativeReward.sum": {
            "value": -14.23080050945282,
            "min": -50.93519985675812,
            "max": 55.601200222969055,
            "count": 500
        },
        "SoccerTwos.IsTraining.mean": {
            "value": 1.0,
            "min": 1.0,
            "max": 1.0,
            "count": 500
        },
        "SoccerTwos.IsTraining.sum": {
            "value": 1.0,
            "min": 1.0,
            "max": 1.0,
            "count": 500
        },
        "SoccerTwos.Losses.PolicyLoss.mean": {
            "value": 0.016916264991596108,
            "min": 0.012160452409322413,
            "max": 0.022422150575827495,
            "count": 237
        },
        "SoccerTwos.Losses.PolicyLoss.sum": {
            "value": 0.016916264991596108,
            "min": 0.012160452409322413,
            "max": 0.022422150575827495,
            "count": 237
        },
        "SoccerTwos.Losses.ValueLoss.mean": {
            "value": 0.08518568053841591,
            "min": 2.915285015963794e-05,
            "max": 0.09786645186444123,
            "count": 237
        },
        "SoccerTwos.Losses.ValueLoss.sum": {
            "value": 0.08518568053841591,
            "min": 2.915285015963794e-05,
            "max": 0.09786645186444123,
            "count": 237
        },
        "SoccerTwos.Losses.BaselineLoss.mean": {
            "value": 0.09862068593502045,
            "min": 2.953075542488174e-05,
            "max": 0.10881787079075972,
            "count": 237
        },
        "SoccerTwos.Losses.BaselineLoss.sum": {
            "value": 0.09862068593502045,
            "min": 2.953075542488174e-05,
            "max": 0.10881787079075972,
            "count": 237
        },
        "SoccerTwos.Policy.LearningRate.mean": {
            "value": 0.0003000000000000001,
            "min": 0.00030000000000000003,
            "max": 0.0003000000000000001,
            "count": 237
        },
        "SoccerTwos.Policy.LearningRate.sum": {
            "value": 0.0003000000000000001,
            "min": 0.00030000000000000003,
            "max": 0.0003000000000000001,
            "count": 237
        },
        "SoccerTwos.Policy.Epsilon.mean": {
            "value": 0.19999999999999993,
            "min": 0.19999999999999993,
            "max": 0.19999999999999996,
            "count": 237
        },
        "SoccerTwos.Policy.Epsilon.sum": {
            "value": 0.19999999999999993,
            "min": 0.19999999999999993,
            "max": 0.19999999999999996,
            "count": 237
        },
        "SoccerTwos.Policy.Beta.mean": {
            "value": 0.005000000000000001,
            "min": 0.005,
            "max": 0.005000000000000001,
            "count": 237
        },
        "SoccerTwos.Policy.Beta.sum": {
            "value": 0.005000000000000001,
            "min": 0.005,
            "max": 0.005000000000000001,
            "count": 237
        }
    },
    "metadata": {
        "timer_format_version": "0.1.0",
        "start_time_seconds": "1736808947",
        "python_version": "3.10.12 | packaged by Anaconda, Inc. | (main, Jul  5 2023, 19:01:18) [MSC v.1916 64 bit (AMD64)]",
        "command_line_arguments": "C:\\Users\\Tomasz\\miniconda3\\envs\\mlagents\\Scripts\\mlagents-learn config/custom/epoch6.yaml --run-id=no_sound_epoch6",
        "mlagents_version": "1.1.0",
        "mlagents_envs_version": "1.1.0",
        "communication_protocol_version": "1.5.0",
        "pytorch_version": "2.2.2+cu121",
        "numpy_version": "1.23.5",
        "end_time_seconds": "1736816644"
    },
    "total": 7697.10017559999,
    "count": 1,
    "self": 0.0068457999877864495,
    "children": {
        "run_training.setup": {
            "total": 0.09225149999838322,
            "count": 1,
            "self": 0.09225149999838322
        },
        "TrainerController.start_learning": {
            "total": 7697.001078300003,
            "count": 1,
            "self": 3.2006697992037516,
            "children": {
                "TrainerController._reset_env": {
                    "total": 57.10865140000533,
                    "count": 25,
                    "self": 57.10865140000533
                },
                "TrainerController.advance": {
                    "total": 7636.598715200802,
                    "count": 334750,
                    "self": 3.301458999310853,
                    "children": {
                        "env_step": {
                            "total": 4980.679689202123,
                            "count": 334750,
                            "self": 3005.0417078067694,