{
    "name": "root",
    "gauges": {
        "SoccerTwos.Policy.Entropy.mean": {
            "value": 1.727885127067566,
            "min": 1.6750681400299072,
            "max": 3.2956769466400146,
            "count": 500
        },
        "SoccerTwos.Policy.Entropy.sum": {
            "value": 36161.1796875,
            "min": 28957.6796875,
            "max": 113095.796875,
            "count": 500
        },
        "SoccerTwos.Profiler.Frametime(ms).mean": {
            "value": 141.23045654296874,
            "min": 93.31878117152623,
            "max": 183.16876029968262,
            "count": 500
        },
        "SoccerTwos.Profiler.Frametime(ms).sum": {
            "value": 1412.3045654296875,
            "min": 424.1152038574219,
            "max": 2930.700164794922,
            "count": 500
        },
        "SoccerTwos.Profiler.GCMemory(MB).mean": {
            "value": 736.0,
            "min": 736.0,
            "max": 736.0,
            "count": 500
        },
        "SoccerTwos.Profiler.GCMemory(MB).sum": {
            "value": 7360.0,
            "min": 2944.0,
            "max": 11776.0,
            "count": 500
        },
        "SoccerTwos.Profiler.SystemMemory(MB).mean": {
            "value": 553.4,
            "min": 546.6,
            "max": 1497.0,
            "count": 500
        },
        "SoccerTwos.Profiler.SystemMemory(MB).sum": {
            "value": 5534.0,
            "min": 2664.0,
            "max": 20914.0,
            "count": 500
        },
        "SoccerTwos.Profiler.CPUUsage(%).mean": {
            "value": 72.5,
            "min": 53.678385416666664,
            "max": 86.83035714285714,
            "count": 500
        },
        "SoccerTwos.Profiler.CPUUsage(%).sum": {
            "value": 725.0,
            "min": 257.03125,
            "max": 1215.625,
            "count": 500
        },
        "SoccerTwos.Environment.EpisodeLength.mean": {
            "value": 36.24444444444445,
            "min": 30.70063694267516,
            "max": 999.0,
            "count": 500
        },
        "SoccerTwos.Environment.EpisodeLength.sum": {
            "value": 19572.0,
            "min": 15780.0,
            "max": 24400.0,
            "count": 500
        },
        "SoccerTwos.Self-play.ELO.mean": {
            "value": 1491.0119018372231,
            "min": 1197.055350135295,
            "max": 1533.8142405101942,
            "count": 499
        },
        "SoccerTwos.Self-play.ELO.sum": {
            "value": 402573.2134960503,
            "min": 2394.11070027059,
            "max": 478893.9795442553,
            "count": 499
        },
        "SoccerTwos.Step.mean": {
            "value": 4999970.0,
            "min": 9218.0,
            "max": 4999970.0,
            "count": 500
        },
        "SoccerTwos.Step.sum": {
            "value": 4999970.0,
            "min": 9218.0,
            "max": 4999970.0,
            "count": 500
        },
        "SoccerTwos.Policy.ExtrinsicBaselineEstimate.mean": {
            "value": -0.014136170037090778,
            "min": -0.08861842006444931,
            "max": 0.17770926654338837,
            "count": 500
        },
        "SoccerTwos.Policy.ExtrinsicBaselineEstimate.sum": {
            "value": -3.8167660236358643,
            "min": -23.749736785888672,
            "max": 30.724201202392578,
            "count": 500
        },
        "SoccerTwos.Policy.ExtrinsicValueEstimate.mean": {
            "value": -0.014819318428635597,
            "min": -0.08796274662017822,
            "max": 0.177896648645401,
            "count": 500
        },
        "SoccerTwos.Policy.ExtrinsicValueEstimate.sum": {
            "value": -4.001215934753418,
            "min": -23.574016571044922,
            "max": 31.309810638427734,
            "count": 500
        },
        "SoccerTwos.Environment.CumulativeReward.mean": {
            "value": 0.0,
            "min": 0.0,
            "max": 0.0,
            "count": 500
        },
        "SoccerTwos.Environment.CumulativeReward.sum": {
            "value": 0.0,
            "min": 0.0,
            "max": 0.0,
            "count": 500
        },
        "SoccerTwos.Policy.ExtrinsicReward.mean": {
            "value": 0.01728888705924705,
            "min": -0.42120000123977663,
            "max": 0.4603245258331299,
            "count": 500
        },
        "SoccerTwos.Policy.ExtrinsicReward.sum": {
            "value": 4.667999505996704,
            "min": -71.19520008563995,
            "max": 57.226800084114075,
            "count": 500
        },
        "SoccerTwos.Environment.GroupCumulativeReward.mean": {
            "value": 0.01728888705924705,
            "min": -0.42120000123977663,
            "max": 0.4603245258331299,
            "count": 500
        },
        "SoccerTwos.Environment.GroupCumulativeReward.sum": {
            "value": 4.667999505996704,
            "min": -71.19520008563995,
            "max": 57.226800084114075,
            "count": 500
        },
        "SoccerTwos.IsTraining.mean": {
            "value": 1.0,
            "min": 1.0,
            "max": 1.0,
            "count": 500
        },
        "SoccerTwos.IsTraining.sum": {
            "value": 1.0,
            "min": 1.0,
            "max": 1.0,
            "count": 500
        },
        "SoccerTwos.Losses.PolicyLoss.mean": {
            "value": 0.019903290072556958,
            "min": 0.010442862730512086,
            "max": 0.024050392161977168,
            "count": 241
        },
        "SoccerTwos.Losses.PolicyLoss.sum": {
            "value": 0.019903290072556958,
            "min": 0.010442862730512086,
            "max": 0.024050392161977168,
            "count": 241
        },
        "SoccerTwos.Losses.ValueLoss.mean": {
            "value": 0.05802666830519835,
            "min": 1.9329194446982e-05,
            "max": 0.06132436531285445,
            "count": 241
        },
        "SoccerTwos.Losses.ValueLoss.sum": {
            "value": 0.05802666830519835,
            "min": 1.9329194446982e-05,
            "max": 0.06132436531285445,
            "count": 241
        },
        "SoccerTwos.Losses.BaselineLoss.mean": {
            "value": 0.058919811497131984,
            "min": 1.9165878560064204e-05,
            "max": 0.06250030808150768,
            "count": 241
        },
        "SoccerTwos.Losses.BaselineLoss.sum": {
            "value": 0.058919811497131984,
            "min": 1.9165878560064204e-05,
            "max": 0.06250030808150768,
            "count": 241
        },
        "SoccerTwos.Policy.LearningRate.mean": {
            "value": 0.0003,
            "min": 0.0003,
            "max": 0.0003,
            "count": 241
        },
        "SoccerTwos.Policy.LearningRate.sum": {
            "value": 0.0003,
            "min": 0.0003,
            "max": 0.0003,
            "count": 241
        },
        "SoccerTwos.Policy.Epsilon.mean": {
            "value": 0.20000000000000007,
            "min": 0.20000000000000007,
            "max": 0.20000000000000007,
            "count": 241
        },
        "SoccerTwos.Policy.Epsilon.sum": {
            "value": 0.20000000000000007,
            "min": 0.20000000000000007,
            "max": 0.20000000000000007,
            "count": 241
        },
        "SoccerTwos.Policy.Beta.mean": {
            "value": 0.005000000000000001,
            "min": 0.005000000000000001,
            "max": 0.005000000000000001,
            "count": 241
        },
        "SoccerTwos.Policy.Beta.sum": {
            "value": 0.005000000000000001,
            "min": 0.005000000000000001,
            "max": 0.005000000000000001,
            "count": 241
        }
    },
    "metadata": {
        "timer_format_version": "0.1.0",
        "start_time_seconds": "1737087736",
        "python_version": "3.8.20 (default, Oct  3 2024, 15:19:54) [MSC v.1929 64 bit (AMD64)]",