{
    "name": "root",
    "gauges": {
        "SoccerTwos.Policy.Entropy.mean": {
            "value": 3.281167984008789,
            "min": 3.2582900524139404,
            "max": 3.295767068862915,
            "count": 500
        },
        "SoccerTwos.Policy.Entropy.sum": {
            "value": 64048.3984375,
            "min": 15667.947265625,
            "max": 129486.25,
            "count": 500
        },
        "SoccerTwos.Profiler.Frametime(ms).mean": {
            "value": 162.7302215576172,
            "min": 96.29360852922711,
            "max": 207.5287882486979,
            "count": 500
        },
        "SoccerTwos.Profiler.Frametime(ms).sum": {
            "value": 1627.3022155761719,
            "min": 237.92161560058594,
            "max": 2913.1539154052734,
            "count": 500
        },
        "SoccerTwos.Profiler.GCMemory(MB).mean": {
            "value": 752.0,
            "min": 752.0,
            "max": 752.0,
            "count": 500
        },
        "SoccerTwos.Profiler.GCMemory(MB).sum": {
            "value": 7520.0,
            "min": 1504.0,
            "max": 15040.0,
            "count": 500
        },
        "SoccerTwos.Profiler.SystemMemory(MB).mean": {
            "value": 1556.0,
            "min": 1550.0,
            "max": 1612.4285714285713,
            "count": 500
        },
        "SoccerTwos.Profiler.SystemMemory(MB).sum": {
            "value": 15560.0,
            "min": 3110.0,
            "max": 31100.0,
            "count": 500
        },
        "SoccerTwos.Profiler.CPUUsage(%).mean": {
            "value": 2.8125,
            "min": 1.2369791343808174,
            "max": 7.118055582046509,
            "count": 500
        },
        "SoccerTwos.Profiler.CPUUsage(%).sum": {
            "value": 28.125,
            "min": 3.125,
            "max": 86.97916793823242,
            "count": 500
        },
        "SoccerTwos.Environment.EpisodeLength.mean": {
            "value": 983.4,
            "min": 401.9230769230769,
            "max": 999.0,
            "count": 500
        },
        "SoccerTwos.Environment.EpisodeLength.sum": {
            "value": 19668.0,
            "min": 16248.0,
            "max": 23764.0,
            "count": 500
        },
        "SoccerTwos.Self-play.ELO.mean": {
            "value": 1175.9326384336807,
            "min": 1170.1109257746682,
            "max": 1207.6353650564552,
            "count": 466
        },
        "SoccerTwos.Self-play.ELO.sum": {
            "value": 2351.8652768673614,
            "min": 2340.2218515493364,
            "max": 16834.098884327443,
            "count": 466
        },
        "SoccerTwos.Step.mean": {
            "value": 4999838.0,
            "min": 9534.0,
            "max": 4999838.0,
            "count": 500
        },
        "SoccerTwos.Step.sum": {
            "value": 4999838.0,
            "min": 9534.0,
            "max": 4999838.0,
            "count": 500
        },
        "SoccerTwos.Policy.ExtrinsicBaselineEstimate.mean": {
            "value": -0.015071136876940727,
            "min": -0.04247765988111496,
            "max": 0.004409476649016142,
            "count": 500
        },
        "SoccerTwos.Policy.ExtrinsicBaselineEstimate.sum": {
            "value": -0.15071137249469757,
            "min": -0.7221202254295349,
            "max": 0.06614214926958084,
            "count": 500
        },
        "SoccerTwos.Policy.ExtrinsicValueEstimate.mean": {
            "value": -0.014933708123862743,
            "min": -0.04252365231513977,
            "max": 0.0044858744367957115,
            "count": 500
        },
        "SoccerTwos.Policy.ExtrinsicValueEstimate.sum": {
            "value": -0.14933708310127258,
            "min": -0.7227622270584106,
            "max": 0.0672881156206131,
            "count": 500
        },
        "SoccerTwos.Environment.CumulativeReward.mean": {
            "value": 0.0,
            "min": 0.0,
            "max": 0.0,
            "count": 500
        },
        "SoccerTwos.Environment.CumulativeReward.sum": {
            "value": 0.0,
            "min": 0.0,
            "max": 0.0,
            "count": 500
        },
        "SoccerTwos.Policy.ExtrinsicReward.mean": {
            "value": 0.015719999372959138,
            "min": -0.6153846153846154,
            "max": 0.3775000059977174,
            "count": 500
        },
        "SoccerTwos.Policy.ExtrinsicReward.sum": {
            "value": 0.15719999372959137,
            "min": -10.0,
            "max": 6.040000095963478,
            "count": 500
        },
        "SoccerTwos.Environment.GroupCumulativeReward.mean": {
            "value": 0.015719999372959138,
            "min": -0.6153846153846154,
            "max": 0.3775000059977174,
            "count": 500
        },
        "SoccerTwos.Environment.GroupCumulativeReward.sum": {
            "value": 0.15719999372959137,
            "min": -10.0,
            "max": 6.040000095963478,
            "count": 500
        },
        "SoccerTwos.IsTraining.mean": {
            "value": 1.0,
            "min": 1.0,
            "max": 1.0,
            "count": 500
        },
        "SoccerTwos.IsTraining.sum": {
            "value": 1.0,
            "min": 1.0,
            "max": 1.0,
            "count": 500
        },
        "SoccerTwos.Losses.PolicyLoss.mean": {
            "value": 0.018972241164495546,
            "min": 0.011641775760745076,
            "max": 0.023173298892409853,
            "count": 233
        },
        "SoccerTwos.Losses.PolicyLoss.sum": {
            "value": 0.018972241164495546,
            "min": 0.011641775760745076,
            "max": 0.023173298892409853,
            "count": 233
        },
        "SoccerTwos.Losses.ValueLoss.mean": {
            "value": 0.0035364768545453748,
            "min": 1.322400034950988e-05,
            "max": 0.007753348319480816,
            "count": 233
        },
        "SoccerTwos.Losses.ValueLoss.sum": {
            "value": 0.0035364768545453748,
            "min": 1.322400034950988e-05,
            "max": 0.007753348319480816,
            "count": 233
        },
        "SoccerTwos.Losses.BaselineLoss.mean": {
            "value": 0.003535941367348035,
            "min": 1.3664139108489811e-05,
            "max": 0.007757473348950346,
            "count": 233
        },
        "SoccerTwos.Losses.BaselineLoss.sum": {
            "value": 0.003535941367348035,
            "min": 1.3664139108489811e-05,
            "max": 0.007757473348950346,
            "count": 233
        },
        "SoccerTwos.Policy.LearningRate.mean": {
            "value": 2.9999999999999994e-05,
            "min": 2.9999999999999994e-05,
            "max": 3.0000000000000008e-05,
            "count": 233
        },
        "SoccerTwos.Policy.LearningRate.sum": {
            "value": 2.9999999999999994e-05,
            "min": 2.9999999999999994e-05,
            "max": 3.0000000000000008e-05,
            "count": 233
        },
        "SoccerTwos.Policy.Epsilon.mean": {
            "value": 0.20000000000000007,
            "min": 0.20000000000000004,
            "max": 0.20000000000000007,
            "count": 233
        },
        "SoccerTwos.Policy.Epsilon.sum": {
            "value": 0.20000000000000007,
            "min": 0.20000000000000004,
            "max": 0.20000000000000007,
            "count": 233
        },
        "SoccerTwos.Policy.Beta.mean": {
            "value": 0.005000000000000001,
            "min": 0.005000000000000001,
            "max": 0.005000000000000001,
            "count": 233
        },
        "SoccerTwos.Policy.Beta.sum": {
            "value": 0.005000000000000001,
            "min": 0.005000000000000001,
            "max": 0.005000000000000001,
            "count": 233
        }
    },
    "metadata": {
        "timer_format_version": "0.1.0",
        "start_time_seconds": "1736745062",